DATA,LOJA,BANDEIRA,MODALIDADE,MODULO,VALOR\_BRUTO,TAXA\_PERC,TARIFA\_ADQ,DATA\_PREVISTA,LIQUIDO\_PREVISTO
10/01/2026,Matriz,PIX,Débito,Online,"R$ 863,99","0,75%","R$ 2,88",04/02/2026,"R$ 854,63"
07/02/2026,Matriz,Visa,Crédito,Online,"R$ 399,89","2,00%","R$ 10,89",16/02/2026,"R$ 381,00"
28/01/2026,Filial 1,Visa,Débito,Online,"R$ 727,15","0,75%","R$ 8,13",08/02/2026,"R$ 713,57"
07/01/2026,Matriz,Elo,PIX,Online,"R$ 160,53","0,30%","R$ 11,25",05/02/2026,"R$ 148,80"
21/02/2026,Filial 1,Amex,Voucher,POS,"R$ 411,32","7,00%","R$ 2,53",02/02/2026,"R$ 380,00"
22/01/2026,Matriz,Amex,PIX,TEF,"R$ 591,66","0,30%","R$ 5,11",08/01/2026,"R$ 584,78"
12/02/2026,Matriz,PIX,Débito,Online,"R$ 927,70","0,75%","R$ 17,05",16/02/2026,"R$ 903,69"
27/02/2026,Matriz,Mastercard,Voucher,Online,"R$ 470,97","7,00%","R$ 6,57",01/03/2026,"R$ 431,43"
17/01/2026,Matriz,Amex,Débito,TEF,"R$ 415,27","0,75%","R$ 5,71",14/02/2026,"R$ 406,45"
26/01/2026,Matriz,Amex,Débito,TEF,"R$ 154,25","0,75%","R$ 15,33",13/01/2026,"R$ 137,76"
23/01/2026,Matriz,PIX,Crédito,POS,"R$ 934,58","2,00%","R$ 5,05",01/01/2026,"R$ 910,84"
26/02/2026,Filial 1,Amex,Débito,Online,"R$ 583,91","0,75%","R$ 2,23",23/01/2026,"R$ 577,30"
12/02/2026,Matriz,Elo,Débito,POS,"R$ 304,53","0,75%","R$ 3,64",22/02/2026,"R$ 298,61"
14/01/2026,Filial 1,Elo,Débito,Online,"R$ 844,08","0,75%","R$ 2,85",21/01/2026,"R$ 834,90"
21/02/2026,Matriz,Visa,Voucher,Online,"R$ 702,96","7,00%","R$ 7,67",15/02/2026,"R$ 646,08"
01/01/2026,Matriz,Amex,Débito,POS,"R$ 245,61","0,75%","R$ 11,06",07/01/2026,"R$ 232,71"
07/01/2026,Matriz,PIX,PIX,Online,"R$ 157,53","0,30%","R$ 2,13",27/01/2026,"R$ 154,93"
12/02/2026,Matriz,Visa,Débito,TEF,"R$ 561,05","0,75%","R$ 11,32",16/02/2026,"R$ 545,52"
05/01/2026,Matriz,Visa,PIX,Online,"R$ 261,15","0,30%","R$ 2,43",26/01/2026,"R$ 257,94"
05/01/2026,Filial 1,Visa,PIX,POS,"R$ 819,41","0,30%","R$ 8,68",18/02/2026,"R$ 808,27"
06/01/2026,Matriz,Elo,Voucher,TEF,"R$ 11,11","7,00%","R$ 8,16",02/02/2026,"R$ 2,17"
21/01/2026,Filial 1,Amex,PIX,POS,"R$ 702,29","0,30%","R$ 0,41",21/01/2026,"R$ 699,77"
31/01/2026,Matriz,Elo,Voucher,Online,"R$ 770,40","7,00%","R$ 3,40",29/01/2026,"R$ 713,07"
07/01/2026,Filial 1,Elo,Crédito,Online,"R$ 657,87","2,00%","R$ 3,63",16/01/2026,"R$ 641,08"
25/01/2026,Filial 1,Amex,Débito,POS,"R$ 942,84","0,75%","R$ 11,81",12/01/2026,"R$ 923,96"
11/01/2026,Matriz,Mastercard,Voucher,TEF,"R$ 409,11","7,00%","R$ 1,51",02/02/2026,"R$ 378,96"
22/02/2026,Matriz,Amex,Voucher,Online,"R$ 169,19","7,00%","R$ 17,37",18/01/2026,"R$ 139,98"
14/01/2026,Matriz,Mastercard,Crédito,Online,"R$ 506,79","2,00%","R$ 2,76",12/02/2026,"R$ 493,89"
01/02/2026,Filial 1,PIX,PIX,TEF,"R$ 893,97","0,30%","R$ 6,02",01/01/2026,"R$ 885,27"
30/01/2026,Matriz,PIX,Voucher,Online,"R$ 80,70","7,00%","R$ 0,82",26/02/2026,"R$ 74,23"
26/02/2026,Filial 1,Mastercard,Voucher,Online,"R$ 290,16","7,00%","R$ 8,97",27/01/2026,"R$ 260,88"
23/01/2026,Filial 1,Mastercard,Voucher,TEF,"R$ 541,17","7,00%","R$ 2,28",02/02/2026,"R$ 501,01"
08/02/2026,Matriz,Amex,Crédito,Online,"R$ 263,18","2,00%","R$ 13,76",25/01/2026,"R$ 244,16"
03/01/2026,Matriz,Elo,Voucher,POS,"R$ 544,37","7,00%","R$ 3,91",06/02/2026,"R$ 502,35"
23/01/2026,Matriz,Mastercard,PIX,Online,"R$ 592,08","0,30%","R$ 3,22",09/02/2026,"R$ 587,08"
24/01/2026,Matriz,Elo,Crédito,TEF,"R$ 654,99","2,00%","R$ 9,07",16/02/2026,"R$ 632,82"
10/02/2026,Matriz,Mastercard,Débito,TEF,"R$ 254,80","0,75%","R$ 0,59",05/01/2026,"R$ 252,30"
05/02/2026,Filial 1,Visa,Débito,TEF,"R$ 356,95","0,75%","R$ 2,16",15/02/2026,"R$ 352,11"
16/02/2026,Matriz,Amex,Voucher,TEF,"R$ 849,28","7,00%","R$ 5,61",11/02/2026,"R$ 784,22"
17/02/2026,Filial 1,Amex,Débito,POS,"R$ 201,59","0,75%","R$ 2,91",13/02/2026,"R$ 197,17"
04/01/2026,Matriz,Elo,Voucher,Online,"R$ 699,11","7,00%","R$ 10,41",22/01/2026,"R$ 639,76"
23/01/2026,Filial 1,PIX,Débito,Online,"R$ 484,54","0,75%","R$ 11,78",13/02/2026,"R$ 469,13"
01/01/2026,Filial 1,Visa,PIX,Online,"R$ 16,63","0,30%","R$ 4,62",23/02/2026,"R$ 11,96"
11/02/2026,Filial 1,Mastercard,PIX,TEF,"R$ 818,85","0,30%","R$ 10,41",14/02/2026,"R$ 805,98"
17/02/2026,Filial 1,Visa,Voucher,TEF,"R$ 416,69","7,00%","R$ 20,93",10/02/2026,"R$ 366,59"
29/01/2026,Matriz,Visa,Crédito,POS,"R$ 297,59","2,00%","R$ 10,44",20/02/2026,"R$ 281,20"
07/01/2026,Matriz,Mastercard,Voucher,POS,"R$ 628,31","7,00%","R$ 11,40",17/02/2026,"R$ 572,93"
24/01/2026,Filial 1,Amex,Débito,Online,"R$ 733,93","0,75%","R$ 10,22",22/02/2026,"R$ 718,21"
07/02/2026,Filial 1,Visa,PIX,TEF,"R$ 883,09","0,30%","R$ 5,08",13/01/2026,"R$ 875,36"
10/02/2026,Filial 1,Elo,Crédito,TEF,"R$ 526,86","2,00%","R$ 5,22",26/02/2026,"R$ 511,10"
15/02/2026,Filial 1,Elo,Voucher,POS,"R$ 574,72","7,00%","R$ 6,71",22/02/2026,"R$ 527,78"
05/02/2026,Matriz,Mastercard,Crédito,Online,"R$ 325,38","2,00%","R$ 5,33",18/02/2026,"R$ 313,54"
05/01/2026,Filial 1,Amex,Crédito,TEF,"R$ 95,03","2,00%","R$ 8,20",24/01/2026,"R$ 84,93"
19/02/2026,Filial 1,PIX,Voucher,Online,"R$ 731,16","7,00%","R$ 12,24",19/01/2026,"R$ 667,74"
29/01/2026,Filial 1,PIX,PIX,TEF,"R$ 683,32","0,30%","R$ 3,93",05/03/2026,"R$ 677,34"
26/02/2026,Matriz,Mastercard,Voucher,POS,"R$ 896,42","7,00%","R$ 6,12",15/02/2026,"R$ 827,55"
23/01/2026,Filial 1,PIX,PIX,Online,"R$ 514,58","0,30%","R$ 9,95",17/01/2026,"R$ 503,09"
17/01/2026,Matriz,Mastercard,Voucher,TEF,"R$ 821,86","7,00%","R$ 3,15",25/02/2026,"R$ 761,18"
09/01/2026,Matriz,PIX,Voucher,TEF,"R$ 985,41","7,00%","R$ 2,36",16/01/2026,"R$ 914,07"
26/01/2026,Filial 1,Visa,PIX,TEF,"R$ 282,17","0,30%","R$ 5,64",04/01/2026,"R$ 275,68"
04/01/2026,Filial 1,Visa,Voucher,Online,"R$ 212,88","7,00%","R$ 7,47",09/01/2026,"R$ 190,51"
10/02/2026,Filial 1,Elo,Crédito,TEF,"R$ 160,25","2,00%","R$ 9,00",09/02/2026,"R$ 148,05"
21/02/2026,Filial 1,Mastercard,Crédito,Online,"R$ 862,93","2,00%","R$ 10,13",28/01/2026,"R$ 835,54"
14/02/2026,Filial 1,PIX,PIX,POS,"R$ 775,11","0,30%","R$ 3,10",05/02/2026,"R$ 769,68"
01/02/2026,Filial 1,Mastercard,Crédito,Online,"R$ 721,34","2,00%","R$ 3,48",30/01/2026,"R$ 703,43"
09/02/2026,Filial 1,Visa,Débito,TEF,"R$ 23,51","0,75%","R$ 3,99",16/01/2026,"R$ 19,34"
30/01/2026,Filial 1,Mastercard,PIX,POS,"R$ 36,50","0,30%","R$ 5,15",26/02/2026,"R$ 31,24"
06/02/2026,Filial 1,Mastercard,Voucher,TEF,"R$ 377,38","7,00%","R$ 1,03",17/02/2026,"R$ 349,93"
24/02/2026,Filial 1,Amex,Débito,POS,"R$ 133,59","0,75%","R$ 9,18",03/03/2026,"R$ 123,41"
22/02/2026,Matriz,Visa,Débito,TEF,"R$ 381,71","0,75%","R$ 10,29",02/02/2026,"R$ 368,56"
21/02/2026,Filial 1,Visa,PIX,TEF,"R$ 748,40","0,30%","R$ 2,87",23/01/2026,"R$ 743,28"
26/01/2026,Filial 1,Elo,Crédito,POS,"R$ 926,30","2,00%","R$ 8,18",09/02/2026,"R$ 899,59"
09/01/2026,Filial 1,Elo,PIX,POS,"R$ 118,64","0,30%","R$ 11,77",01/02/2026,"R$ 106,51"
07/01/2026,Matriz,Mastercard,PIX,Online,"R$ 333,62","0,30%","R$ 15,12",03/01/2026,"R$ 317,50"
30/01/2026,Matriz,Visa,PIX,TEF,"R$ 871,81","0,30%","R$ 3,34",02/03/2026,"R$ 865,85"
12/01/2026,Filial 1,Amex,Débito,Online,"R$ 568,63","0,75%","R$ 4,25",04/02/2026,"R$ 560,12"
15/01/2026,Filial 1,Visa,PIX,POS,"R$ 131,60","0,30%","R$ 10,07",16/01/2026,"R$ 121,14"
23/02/2026,Filial 1,Amex,PIX,Online,"R$ 841,49","0,30%","R$ 5,65",02/03/2026,"R$ 833,32"
04/01/2026,Matriz,Amex,Débito,POS,"R$ 461,38","0,75%","R$ 5,09",07/02/2026,"R$ 452,83"
05/01/2026,Matriz,Visa,PIX,Online,"R$ 783,13","0,30%","R$ 1,78",30/01/2026,"R$ 779,00"
15/01/2026,Matriz,Elo,Débito,Online,"R$ 36,13","0,75%","R$ 8,48",05/02/2026,"R$ 27,38"
22/02/2026,Filial 1,Amex,PIX,POS,"R$ 265,68","0,30%","R$ 22,40",24/01/2026,"R$ 242,48"
17/01/2026,Matriz,Visa,Débito,TEF,"R$ 657,62","0,75%","R$ 13,60",09/02/2026,"R$ 639,09"
24/01/2026,Filial 1,Visa,Voucher,POS,"R$ 185,56","7,00%","R$ 7,23",07/02/2026,"R$ 165,34"
03/02/2026,Matriz,Elo,PIX,TEF,"R$ 429,45","0,30%","R$ 7,32",07/01/2026,"R$ 420,84"
31/01/2026,Matriz,PIX,Crédito,Online,"R$ 298,33","2,00%","R$ 12,63",10/02/2026,"R$ 279,73"
04/01/2026,Filial 1,Elo,Débito,TEF,"R$ 392,21","0,75%","R$ 10,24",16/02/2026,"R$ 379,03"
03/01/2026,Filial 1,PIX,Voucher,Online,"R$ 359,68","7,00%","R$ 7,74",06/01/2026,"R$ 326,76"
14/02/2026,Filial 1,Elo,Voucher,TEF,"R$ 948,91","7,00%","R$ 8,89",17/02/2026,"R$ 873,60"
27/02/2026,Filial 1,Amex,Débito,Online,"R$ 261,28","0,75%","R$ 5,40",23/02/2026,"R$ 253,92"
09/02/2026,Filial 1,Mastercard,Crédito,Online,"R$ 940,12","2,00%","R$ 3,56",08/01/2026,"R$ 917,76"
22/01/2026,Filial 1,Amex,Débito,TEF,"R$ 88,33","0,75%","R$ 7,44",23/02/2026,"R$ 80,23"
28/02/2026,Filial 1,Amex,Voucher,Online,"R$ 246,65","7,00%","R$ 19,83",26/01/2026,"R$ 209,55"
11/01/2026,Matriz,Amex,Crédito,Online,"R$ 857,85","2,00%","R$ 9,63",04/01/2026,"R$ 831,06"
03/01/2026,Filial 1,Mastercard,Voucher,Online,"R$ 138,47","7,00%","R$ 0,42",04/03/2026,"R$ 128,36"
14/01/2026,Matriz,Amex,Crédito,Online,"R$ 623,66","2,00%","R$ 5,06",17/01/2026,"R$ 606,13"
30/01/2026,Matriz,Visa,Voucher,Online,"R$ 117,53","7,00%","R$ 9,58",13/02/2026,"R$ 99,72"
14/01/2026,Matriz,Elo,Débito,POS,"R$ 999,17","0,75%","R$ 8,39",10/01/2026,"R$ 983,29"
21/01/2026,Filial 1,PIX,Débito,Online,"R$ 992,26","0,75%","R$ 6,78",14/01/2026,"R$ 978,04"
24/01/2026,Filial 1,Mastercard,Débito,POS,"R$ 901,55","0,75%","R$ 8,52",14/02/2026,"R$ 886,27"
28/01/2026,Filial 1,PIX,Voucher,Online,"R$ 553,73","7,00%","R$ 1,71",08/02/2026,"R$ 513,26"
09/02/2026,Matriz,Elo,Voucher,TEF,"R$ 776,15","7,00%","R$ 12,70",23/01/2026,"R$ 709,12"
23/01/2026,Matriz,PIX,PIX,Online,"R$ 161,68","0,30%","R$ 5,97",22/01/2026,"R$ 155,22"
07/02/2026,Filial 1,Elo,PIX,POS,"R$ 136,00","0,30%","R$ 2,96",27/01/2026,"R$ 132,63"
22/01/2026,Matriz,Visa,PIX,Online,"R$ 688,67","0,30%","R$ 12,66",13/02/2026,"R$ 673,94"
21/01/2026,Filial 1,Visa,Crédito,TEF,"R$ 224,96","2,00%","R$ 7,19",09/01/2026,"R$ 213,27"
20/02/2026,Matriz,Mastercard,Crédito,POS,"R$ 56,33","2,00%","R$ 13,57",02/03/2026,"R$ 41,63"
13/01/2026,Filial 1,Mastercard,Voucher,Online,"R$ 491,08","7,00%","R$ 2,46",08/01/2026,"R$ 454,24"
01/02/2026,Matriz,Visa,Voucher,Online,"R$ 611,86","7,00%","R$ 9,92",01/02/2026,"R$ 559,11"
09/02/2026,Filial 1,Amex,Débito,TEF,"R$ 299,46","0,75%","R$ 14,82",18/02/2026,"R$ 282,39"
19/02/2026,Matriz,PIX,Voucher,POS,"R$ 16,90","7,00%","R$ 11,40",19/01/2026,"R$ 4,32"
01/02/2026,Matriz,Visa,Débito,TEF,"R$ 653,65","0,75%","R$ 17,87",01/02/2026,"R$ 630,88"
13/01/2026,Matriz,Elo,Voucher,TEF,"R$ 185,87","7,00%","R$ 10,93",14/02/2026,"R$ 161,93"
26/02/2026,Filial 1,Elo,Débito,TEF,"R$ 116,89","0,75%","R$ 6,95",01/01/2026,"R$ 109,06"
28/02/2026,Matriz,Amex,Crédito,TEF,"R$ 976,28","2,00%","R$ 14,73",25/02/2026,"R$ 942,02"
08/01/2026,Filial 1,Elo,Débito,Online,"R$ 38,54","0,75%","R$ 2,33",01/03/2026,"R$ 35,92"
21/02/2026,Matriz,Elo,PIX,POS,"R$ 406,52","0,30%","R$ 10,77",12/02/2026,"R$ 394,53"
06/02/2026,Filial 1,Amex,Voucher,Online,"R$ 504,12","7,00%","R$ 7,10",06/01/2026,"R$ 461,73"
03/02/2026,Filial 1,Elo,Voucher,POS,"R$ 127,86","7,00%","R$ 5,86",22/01/2026,"R$ 113,05"
09/02/2026,Filial 1,Mastercard,Débito,TEF,"R$ 978,56","0,75%","R$ 1,64",20/01/2026,"R$ 969,58"
26/02/2026,Matriz,Visa,Crédito,TEF,"R$ 817,43","2,00%","R$ 1,14",02/03/2026,"R$ 799,94"
21/02/2026,Matriz,Mastercard,Voucher,Online,"R$ 820,30","7,00%","R$ 1,75",09/02/2026,"R$ 761,13"
21/02/2026,Filial 1,Visa,Débito,POS,"R$ 40,72","0,75%","R$ 6,62",08/01/2026,"R$ 33,79"
10/01/2026,Filial 1,Amex,Débito,TEF,"R$ 595,34","0,75%","R$ 17,20",16/02/2026,"R$ 573,67"
07/02/2026,Filial 1,Elo,Voucher,TEF,"R$ 540,64","7,00%","R$ 22,34",08/01/2026,"R$ 480,46"
17/01/2026,Matriz,Amex,PIX,Online,"R$ 98,23","0,30%","R$ 11,22",09/02/2026,"R$ 86,72"
04/02/2026,Filial 1,Amex,PIX,TEF,"R$ 467,79","0,30%","R$ 5,40",20/02/2026,"R$ 460,99"
08/01/2026,Filial 1,Mastercard,PIX,POS,"R$ 164,39","0,30%","R$ 5,08",01/01/2026,"R$ 158,82"
27/01/2026,Filial 1,Visa,Crédito,Online,"R$ 125,65","2,00%","R$ 5,12",19/02/2026,"R$ 118,02"
13/01/2026,Filial 1,Visa,Débito,POS,"R$ 581,29","0,75%","R$ 0,73",05/01/2026,"R$ 576,20"
07/02/2026,Matriz,Elo,PIX,TEF,"R$ 575,85","0,30%","R$ 1,66",20/01/2026,"R$ 572,46"
26/01/2026,Filial 1,Visa,PIX,POS,"R$ 956,32","0,30%","R$ 20,25",09/02/2026,"R$ 933,20"
03/02/2026,Filial 1,Elo,Débito,TEF,"R$ 310,48","0,75%","R$ 12,31",15/01/2026,"R$ 295,84"
21/01/2026,Filial 1,Mastercard,Crédito,TEF,"R$ 344,32","2,00%","R$ 6,62",30/01/2026,"R$ 330,81"
18/02/2026,Matriz,Mastercard,Voucher,Online,"R$ 643,22","7,00%","R$ 5,97",23/02/2026,"R$ 592,22"
24/02/2026,Matriz,Amex,Crédito,TEF,"R$ 748,95","2,00%","R$ 2,15",25/01/2026,"R$ 731,82"
29/01/2026,Matriz,Mastercard,Débito,POS,"R$ 939,53","0,75%","R$ 2,93",10/01/2026,"R$ 929,55"
24/02/2026,Matriz,PIX,Crédito,POS,"R$ 387,53","2,00%","R$ 19,40",28/02/2026,"R$ 360,38"
11/02/2026,Filial 1,Amex,Voucher,TEF,"R$ 954,05","7,00%","R$ 10,07",16/02/2026,"R$ 877,20"
27/01/2026,Filial 1,Visa,Débito,TEF,"R$ 20,14","0,75%","R$ 1,99",24/02/2026,"R$ 18,00"
23/01/2026,Matriz,PIX,Crédito,Online,"R$ 874,94","2,00%","R$ 3,53",20/01/2026,"R$ 853,91"
23/01/2026,Filial 1,Visa,Voucher,Online,"R$ 789,49","7,00%","R$ 3,61",05/01/2026,"R$ 730,62"
11/02/2026,Filial 1,Mastercard,Crédito,Online,"R$ 186,09","2,00%","R$ 5,52",24/02/2026,"R$ 176,85"
21/01/2026,Filial 1,PIX,Voucher,TEF,"R$ 948,61","7,00%","R$ 9,23",03/02/2026,"R$ 872,98"
23/01/2026,Filial 1,Mastercard,Crédito,TEF,"R$ 640,14","2,00%","R$ 11,78",04/03/2026,"R$ 615,56"
01/01/2026,Matriz,PIX,Voucher,TEF,"R$ 381,29","7,00%","R$ 10,32",16/02/2026,"R$ 344,28"
07/01/2026,Filial 1,Mastercard,Crédito,Online,"R$ 992,47","2,00%","R$ 5,83",09/02/2026,"R$ 966,79"
26/02/2026,Filial 1,Elo,PIX,Online,"R$ 121,15","0,30%","R$ 11,59",03/01/2026,"R$ 109,20"
22/02/2026,Matriz,Mastercard,PIX,TEF,"R$ 876,34","0,30%","R$ 10,53",17/01/2026,"R$ 863,18"
21/02/2026,Filial 1,Mastercard,PIX,Online,"R$ 417,14","0,30%","R$ 8,75",06/02/2026,"R$ 407,14"
08/02/2026,Filial 1,PIX,Voucher,POS,"R$ 86,46","7,00%","R$ 18,26",24/01/2026,"R$ 62,15"
12/02/2026,Filial 1,Visa,PIX,POS,"R$ 638,08","0,30%","R$ 1,24",21/01/2026,"R$ 634,93"
25/02/2026,Filial 1,Visa,PIX,TEF,"R$ 185,82","0,30%","R$ 7,63",07/01/2026,"R$ 177,63"
21/01/2026,Filial 1,Visa,Crédito,POS,"R$ 307,75","2,00%","R$ 2,13",27/02/2026,"R$ 299,47"
02/01/2026,Filial 1,Visa,Voucher,POS,"R$ 672,51","7,00%","R$ 22,71",21/01/2026,"R$ 602,72"
12/02/2026,Matriz,Amex,Crédito,TEF,"R$ 144,76","2,00%","R$ 3,80",22/01/2026,"R$ 138,06"
22/02/2026,Matriz,Elo,Voucher,Online,"R$ 828,49","7,00%","R$ 3,73",28/02/2026,"R$ 766,77"
05/01/2026,Filial 1,PIX,Crédito,TEF,"R$ 272,00","2,00%","R$ 6,51",07/01/2026,"R$ 260,05"
03/02/2026,Matriz,Mastercard,Débito,TEF,"R$ 906,01","0,75%","R$ 7,43",04/01/2026,"R$ 891,78"
09/01/2026,Filial 1,Elo,Débito,Online,"R$ 646,57","0,75%","R$ 10,98",27/02/2026,"R$ 630,74"
10/02/2026,Matriz,Amex,Voucher,TEF,"R$ 331,43","7,00%","R$ 3,27",11/02/2026,"R$ 304,96"
08/01/2026,Filial 1,PIX,Débito,TEF,"R$ 668,98","0,75%","R$ 8,23",01/03/2026,"R$ 655,73"
18/02/2026,Matriz,PIX,Crédito,TEF,"R$ 999,14","2,00%","R$ 11,86",19/02/2026,"R$ 967,30"
13/01/2026,Filial 1,Visa,Débito,Online,"R$ 156,40","0,75%","R$ 10,19",01/01/2026,"R$ 145,04"
10/02/2026,Matriz,Amex,Débito,Online,"R$ 165,13","0,75%","R$ 3,08",05/02/2026,"R$ 160,81"
28/02/2026,Filial 1,Elo,Débito,POS,"R$ 887,37","0,75%","R$ 3,75",23/01/2026,"R$ 876,96"
05/02/2026,Filial 1,Elo,Débito,Online,"R$ 979,80","0,75%","R$ 20,15",22/02/2026,"R$ 952,30"
09/01/2026,Matriz,Visa,PIX,TEF,"R$ 888,67","0,30%","R$ 9,38",09/02/2026,"R$ 876,62"
07/02/2026,Matriz,PIX,Voucher,Online,"R$ 243,53","7,00%","R$ 7,75",05/03/2026,"R$ 218,73"
26/02/2026,Filial 1,Visa,Débito,POS,"R$ 511,18","0,75%","R$ 15,20",01/02/2026,"R$ 492,15"
10/01/2026,Filial 1,Elo,PIX,Online,"R$ 236,38","0,30%","R$ 8,83",28/01/2026,"R$ 226,84"
02/01/2026,Matriz,Mastercard,Crédito,TEF,"R$ 911,06","2,00%","R$ 9,05",15/01/2026,"R$ 883,79"
20/02/2026,Matriz,Mastercard,Voucher,TEF,"R$ 789,39","7,00%","R$ 10,55",10/01/2026,"R$ 723,58"
10/02/2026,Filial 1,Mastercard,Débito,Online,"R$ 961,39","0,75%","R$ 3,31",23/02/2026,"R$ 950,87"
25/02/2026,Filial 1,PIX,Voucher,TEF,"R$ 441,35","7,00%","R$ 5,78",05/03/2026,"R$ 404,68"
01/02/2026,Matriz,PIX,Débito,Online,"R$ 126,20","0,75%","R$ 8,77",09/02/2026,"R$ 116,48"
05/01/2026,Filial 1,Elo,Débito,POS,"R$ 101,20","0,75%","R$ 9,55",14/02/2026,"R$ 90,89"
02/02/2026,Matriz,Visa,PIX,Online,"R$ 890,90","0,30%","R$ 8,92",04/03/2026,"R$ 879,31"
22/02/2026,Filial 1,PIX,Débito,Online,"R$ 782,69","0,75%","R$ 11,30",10/02/2026,"R$ 765,52"
20/02/2026,Matriz,PIX,Débito,TEF,"R$ 668,08","0,75%","R$ 7,55",24/02/2026,"R$ 655,52"
07/02/2026,Filial 1,Mastercard,Voucher,TEF,"R$ 522,43","7,00%","R$ 1,04",07/02/2026,"R$ 484,82"
14/02/2026,Filial 1,PIX,Crédito,Online,"R$ 16,21","2,00%","R$ 1,94",18/02/2026,"R$ 13,95"
10/02/2026,Matriz,Mastercard,Crédito,Online,"R$ 223,63","2,00%","R$ 1,44",20/02/2026,"R$ 217,72"
22/02/2026,Matriz,Amex,PIX,Online,"R$ 404,22","0,30%","R$ 8,14",05/03/2026,"R$ 394,87"
13/01/2026,Filial 1,Mastercard,Crédito,TEF,"R$ 609,04","2,00%","R$ 7,96",04/03/2026,"R$ 588,90"
17/01/2026,Filial 1,PIX,Débito,TEF,"R$ 542,70","0,75%","R$ 0,68",07/02/2026,"R$ 537,95"
23/02/2026,Filial 1,PIX,Débito,TEF,"R$ 617,43","0,75%","R$ 11,42",13/01/2026,"R$ 601,38"
17/02/2026,Filial 1,Amex,PIX,TEF,"R$ 893,71","0,30%","R$ 10,85",16/02/2026,"R$ 880,18"
04/01/2026,Filial 1,Mastercard,Voucher,TEF,"R$ 687,04","7,00%","R$ 2,52",05/03/2026,"R$ 636,43"
09/02/2026,Matriz,PIX,Débito,POS,"R$ 101,95","0,75%","R$ 5,38",04/02/2026,"R$ 95,81"
09/02/2026,Matriz,Visa,Débito,POS,"R$ 285,85","0,75%","R$ 11,87",20/02/2026,"R$ 271,84"
15/01/2026,Matriz,PIX,Débito,Online,"R$ 642,30","0,75%","R$ 2,83",17/02/2026,"R$ 634,65"
18/01/2026,Matriz,Elo,Voucher,TEF,"R$ 517,00","7,00%","R$ 0,33",21/02/2026,"R$ 480,48"
27/02/2026,Matriz,Mastercard,Voucher,TEF,"R$ 218,99","7,00%","R$ 1,59",28/02/2026,"R$ 202,07"
06/01/2026,Matriz,Mastercard,PIX,POS,"R$ 917,46","0,30%","R$ 18,45",02/02/2026,"R$ 896,26"
14/02/2026,Matriz,Mastercard,Crédito,POS,"R$ 10,79","2,00%","R$ 2,34",08/02/2026,"R$ 8,23"
31/01/2026,Matriz,Visa,PIX,POS,"R$ 829,21","0,30%","R$ 1,63",15/02/2026,"R$ 825,09"
22/01/2026,Matriz,Elo,PIX,POS,"R$ 864,18","0,30%","R$ 6,30",06/01/2026,"R$ 855,29"
25/02/2026,Matriz,PIX,Crédito,TEF,"R$ 573,78","2,00%","R$ 0,81",16/01/2026,"R$ 561,49"
09/01/2026,Filial 1,PIX,Voucher,Online,"R$ 739,62","7,00%","R$ 23,17",29/01/2026,"R$ 664,68"
02/01/2026,Filial 1,Mastercard,PIX,TEF,"R$ 418,92","0,30%","R$ 16,69",31/01/2026,"R$ 400,97"
04/01/2026,Filial 1,PIX,Voucher,Online,"R$ 739,52","7,00%","R$ 14,34",05/02/2026,"R$ 673,41"
02/01/2026,Matriz,Visa,Crédito,Online,"R$ 309,90","2,00%","R$ 7,71",02/02/2026,"R$ 295,99"
10/01/2026,Filial 1,Visa,PIX,TEF,"R$ 143,13","0,30%","R$ 6,21",22/02/2026,"R$ 136,49"
10/02/2026,Filial 1,Amex,PIX,TEF,"R$ 358,40","0,30%","R$ 15,30",16/02/2026,"R$ 342,02"
25/02/2026,Matriz,PIX,Crédito,POS,"R$ 361,89","2,00%","R$ 5,14",14/02/2026,"R$ 349,51"
20/01/2026,Filial 1,Amex,Crédito,POS,"R$ 548,47","2,00%","R$ 1,41",14/01/2026,"R$ 536,09"
08/01/2026,Filial 1,Elo,PIX,TEF,"R$ 179,65","0,30%","R$ 11,46",12/01/2026,"R$ 167,65"
07/01/2026,Filial 1,Elo,Voucher,Online,"R$ 559,10","7,00%","R$ 2,69",20/01/2026,"R$ 517,27"
06/02/2026,Matriz,Elo,Débito,TEF,"R$ 826,21","0,75%","R$ 1,00",31/01/2026,"R$ 819,01"
08/01/2026,Filial 1,Visa,Débito,Online,"R$ 925,03","0,75%","R$ 10,52",19/01/2026,"R$ 907,57"
02/01/2026,Filial 1,PIX,Crédito,POS,"R$ 569,01","2,00%","R$ 3,96",28/01/2026,"R$ 553,67"
18/02/2026,Matriz,Amex,Crédito,TEF,"R$ 404,73","2,00%","R$ 7,98",31/01/2026,"R$ 388,66"
01/01/2026,Matriz,Visa,Crédito,POS,"R$ 409,85","2,00%","R$ 4,60",05/03/2026,"R$ 397,05"
22/01/2026,Filial 1,Elo,Crédito,TEF,"R$ 296,07","2,00%","R$ 10,19",25/02/2026,"R$ 279,96"
01/01/2026,Matriz,Amex,Crédito,POS,"R$ 118,16","2,00%","R$ 2,41",04/01/2026,"R$ 113,39"
12/01/2026,Filial 1,Elo,PIX,POS,"R$ 423,93","0,30%","R$ 2,42",01/03/2026,"R$ 420,24"
27/02/2026,Matriz,Elo,Crédito,POS,"R$ 55,94","2,00%","R$ 1,96",22/02/2026,"R$ 52,86"
28/01/2026,Matriz,Mastercard,Voucher,Online,"R$ 180,40","7,00%","R$ 5,21",19/01/2026,"R$ 162,56"
17/01/2026,Filial 1,Amex,PIX,POS,"R$ 356,27","0,30%","R$ 8,74",09/01/2026,"R$ 346,46"
13/02/2026,Matriz,Elo,Crédito,Online,"R$ 428,62","2,00%","R$ 9,13",21/01/2026,"R$ 410,92"
29/01/2026,Matriz,PIX,Voucher,POS,"R$ 616,93","7,00%","R$ 8,04",25/01/2026,"R$ 565,70"
09/01/2026,Filial 1,Amex,Crédito,POS,"R$ 538,61","2,00%","R$ 3,50",04/02/2026,"R$ 524,34"
25/02/2026,Matriz,Amex,Crédito,POS,"R$ 365,27","2,00%","R$ 3,61",01/02/2026,"R$ 354,35"
19/02/2026,Filial 1,Amex,Voucher,TEF,"R$ 222,96","7,00%","R$ 2,88",11/01/2026,"R$ 204,47"
10/01/2026,Matriz,Elo,Crédito,POS,"R$ 631,77","2,00%","R$ 11,36",16/02/2026,"R$ 607,77"
20/01/2026,Matriz,Visa,Crédito,Online,"R$ 885,27","2,00%","R$ 1,70",13/01/2026,"R$ 865,86"
21/02/2026,Filial 1,PIX,Débito,POS,"R$ 228,54","0,75%","R$ 4,75",25/01/2026,"R$ 222,08"
18/01/2026,Matriz,PIX,Débito,POS,"R$ 206,17","0,75%","R$ 4,95",24/01/2026,"R$ 199,67"
26/02/2026,Matriz,Visa,PIX,POS,"R$ 189,62","0,30%","R$ 21,42",20/02/2026,"R$ 167,63"
14/01/2026,Filial 1,Elo,PIX,TEF,"R$ 103,44","0,30%","R$ 5,03",01/02/2026,"R$ 98,10"
23/02/2026,Filial 1,Elo,Voucher,POS,"R$ 740,19","7,00%","R$ 1,05",09/01/2026,"R$ 687,33"
25/02/2026,Filial 1,Mastercard,Débito,TEF,"R$ 651,21","0,75%","R$ 11,06",02/02/2026,"R$ 635,27"
04/01/2026,Matriz,Amex,Débito,Online,"R$ 930,35","0,75%","R$ 10,44",02/01/2026,"R$ 912,93"
13/01/2026,Filial 1,Amex,Voucher,TEF,"R$ 231,30","7,00%","R$ 20,27",11/01/2026,"R$ 194,84"
02/01/2026,Filial 1,Elo,Débito,Online,"R$ 890,02","0,75%","R$ 1,19",13/02/2026,"R$ 882,15"
27/02/2026,Matriz,PIX,Voucher,TEF,"R$ 240,91","7,00%","R$ 4,41",04/03/2026,"R$ 219,64"
18/01/2026,Matriz,PIX,PIX,TEF,"R$ 87,29","0,30%","R$ 6,37",19/02/2026,"R$ 80,66"
10/02/2026,Matriz,Visa,PIX,Online,"R$ 546,32","0,30%","R$ 1,18",07/01/2026,"R$ 543,50"
26/02/2026,Filial 1,Elo,Débito,POS,"R$ 684,62","0,75%","R$ 11,11",26/02/2026,"R$ 668,38"
26/02/2026,Filial 1,Mastercard,PIX,POS,"R$ 542,34","0,30%","R$ 1,10",13/02/2026,"R$ 539,61"
10/01/2026,Filial 1,Elo,Débito,Online,"R$ 761,01","0,75%","R$ 0,96",07/01/2026,"R$ 754,34"
22/02/2026,Matriz,Elo,Voucher,TEF,"R$ 653,57","7,00%","R$ 0,74",24/02/2026,"R$ 607,08"
06/02/2026,Filial 1,Visa,PIX,TEF,"R$ 233,27","0,30%","R$ 20,13",02/02/2026,"R$ 212,44"
19/02/2026,Matriz,Amex,Voucher,Online,"R$ 830,07","7,00%","R$ 7,09",05/02/2026,"R$ 764,88"
03/02/2026,Matriz,Elo,Débito,Online,"R$ 343,23","0,75%","R$ 7,38",23/01/2026,"R$ 333,28"
08/02/2026,Matriz,Mastercard,Crédito,POS,"R$ 150,56","2,00%","R$ 9,79",19/01/2026,"R$ 137,76"
12/02/2026,Filial 1,Mastercard,PIX,POS,"R$ 178,16","0,30%","R$ 3,20",31/01/2026,"R$ 174,43"
16/02/2026,Filial 1,Amex,Voucher,TEF,"R$ 189,43","7,00%","R$ 4,66",03/03/2026,"R$ 171,51"
26/01/2026,Filial 1,Amex,Débito,TEF,"R$ 899,24","0,75%","R$ 8,24",17/01/2026,"R$ 884,26"
26/02/2026,Matriz,Amex,Crédito,Online,"R$ 653,02","2,00%","R$ 2,72",23/01/2026,"R$ 637,24"
10/02/2026,Filial 1,Visa,Voucher,TEF,"R$ 22,56","7,00%","R$ 10,26",22/02/2026,"R$ 10,72"
11/01/2026,Matriz,Visa,PIX,TEF,"R$ 260,92","0,30%","R$ 15,59",24/01/2026,"R$ 244,55"
22/02/2026,Filial 1,Elo,Crédito,TEF,"R$ 483,16","2,00%","R$ 7,26",01/03/2026,"R$ 466,24"
02/01/2026,Matriz,PIX,Crédito,TEF,"R$ 362,51","2,00%","R$ 9,56",22/01/2026,"R$ 345,70"
13/02/2026,Matriz,Elo,Débito,TEF,"R$ 296,87","0,75%","R$ 15,75",23/02/2026,"R$ 278,89"
10/01/2026,Filial 1,PIX,Débito,POS,"R$ 537,86","0,75%","R$ 2,41",04/01/2026,"R$ 531,42"
25/01/2026,Matriz,PIX,Crédito,Online,"R$ 494,97","2,00%","R$ 2,95",15/01/2026,"R$ 482,12"
01/02/2026,Matriz,Amex,PIX,Online,"R$ 149,25","0,30%","R$ 19,68",16/01/2026,"R$ 129,12"
23/01/2026,Matriz,Mastercard,Voucher,TEF,"R$ 222,23","7,00%","R$ 8,20",27/02/2026,"R$ 198,47"
22/01/2026,Matriz,Mastercard,Débito,TEF,"R$ 780,68","0,75%","R$ 2,20",10/01/2026,"R$ 772,62"
05/02/2026,Matriz,Mastercard,Débito,Online,"R$ 330,28","0,75%","R$ 8,82",21/01/2026,"R$ 318,98"
30/01/2026,Matriz,Mastercard,PIX,TEF,"R$ 450,76","0,30%","R$ 9,47",09/01/2026,"R$ 439,94"
13/02/2026,Matriz,Elo,Débito,POS,"R$ 23,31","0,75%","R$ 11,60",19/02/2026,"R$ 11,54"
23/02/2026,Filial 1,Mastercard,Voucher,POS,"R$ 582,16","7,00%","R$ 11,38",06/02/2026,"R$ 530,03"
14/02/2026,Filial 1,Amex,PIX,POS,"R$ 163,54","0,30%","R$ 6,18",27/02/2026,"R$ 156,87"
22/01/2026,Filial 1,Visa,Débito,POS,"R$ 729,90","0,75%","R$ 1,92",01/01/2026,"R$ 722,51"
27/02/2026,Filial 1,Amex,Voucher,Online,"R$ 967,41","7,00%","R$ 6,79",28/02/2026,"R$ 892,90"
26/02/2026,Matriz,Elo,Voucher,Online,"R$ 540,22","7,00%","R$ 2,48",18/01/2026,"R$ 499,92"
20/02/2026,Matriz,Amex,Voucher,POS,"R$ 713,46","7,00%","R$ 2,02",14/02/2026,"R$ 661,50"
07/02/2026,Filial 1,PIX,Voucher,POS,"R$ 974,04","7,00%","R$ 10,65",25/02/2026,"R$ 895,21"
19/02/2026,Matriz,Elo,Débito,Online,"R$ 24,17","0,75%","R$ 11,94",28/02/2026,"R$ 12,05"
26/01/2026,Matriz,Elo,PIX,TEF,"R$ 496,28","0,30%","R$ 5,66",24/02/2026,"R$ 489,13"
16/02/2026,Filial 1,Amex,Voucher,Online,"R$ 994,60","7,00%","R$ 1,91",09/01/2026,"R$ 923,07"
01/02/2026,Filial 1,Mastercard,PIX,TEF,"R$ 220,27","0,30%","R$ 5,79",25/02/2026,"R$ 213,82"
18/02/2026,Matriz,Elo,Débito,Online,"R$ 741,89","0,75%","R$ 5,46",03/02/2026,"R$ 730,87"
26/02/2026,Matriz,PIX,Crédito,TEF,"R$ 450,10","2,00%","R$ 9,38",25/01/2026,"R$ 431,72"
01/02/2026,Matriz,Mastercard,Débito,TEF,"R$ 872,63","0,75%","R$ 5,97",03/03/2026,"R$ 860,12"
18/02/2026,Filial 1,Mastercard,Voucher,TEF,"R$ 260,58","7,00%","R$ 14,08",05/02/2026,"R$ 228,26"
23/01/2026,Matriz,Elo,PIX,POS,"R$ 598,83","0,30%","R$ 1,98",03/01/2026,"R$ 595,05"
18/01/2026,Filial 1,PIX,Crédito,POS,"R$ 454,22","2,00%","R$ 6,98",18/01/2026,"R$ 438,16"
18/02/2026,Matriz,PIX,PIX,TEF,"R$ 851,94","0,30%","R$ 11,45",03/02/2026,"R$ 837,93"
12/01/2026,Matriz,PIX,Voucher,Online,"R$ 54,83","7,00%","R$ 7,74",07/02/2026,"R$ 43,25"
04/01/2026,Filial 1,PIX,Crédito,TEF,"R$ 365,19","2,00%","R$ 18,42",27/01/2026,"R$ 339,47"
11/02/2026,Filial 1,Elo,Voucher,TEF,"R$ 684,35","7,00%","R$ 17,21",21/02/2026,"R$ 619,24"
08/01/2026,Filial 1,Mastercard,Débito,POS,"R$ 493,08","0,75%","R$ 12,93",02/03/2026,"R$ 476,45"
05/02/2026,Matriz,Elo,Débito,POS,"R$ 28,77","0,75%","R$ 2,43",21/02/2026,"R$ 26,12"
16/02/2026,Matriz,PIX,PIX,POS,"R$ 59,93","0,30%","R$ 3,73",07/01/2026,"R$ 56,02"
09/02/2026,Matriz,Amex,PIX,POS,"R$ 195,29","0,30%","R$ 21,69",25/01/2026,"R$ 173,01"
09/01/2026,Filial 1,Amex,Crédito,TEF,"R$ 474,51","2,00%","R$ 0,73",16/01/2026,"R$ 464,29"
26/01/2026,Matriz,Elo,Débito,TEF,"R$ 619,00","0,75%","R$ 10,43",19/02/2026,"R$ 603,93"
17/02/2026,Filial 1,Mastercard,Voucher,POS,"R$ 858,76","7,00%","R$ 10,46",18/02/2026,"R$ 788,19"
01/01/2026,Filial 1,Elo,Débito,TEF,"R$ 425,30","0,75%","R$ 11,69",22/01/2026,"R$ 410,42"
03/01/2026,Filial 1,Visa,PIX,TEF,"R$ 687,65","0,30%","R$ 3,42",18/01/2026,"R$ 682,17"
13/01/2026,Matriz,Mastercard,Crédito,TEF,"R$ 886,72","2,00%","R$ 14,21",02/03/2026,"R$ 854,78"
16/02/2026,Matriz,PIX,Débito,Online,"R$ 54,47","0,75%","R$ 1,50",31/01/2026,"R$ 52,56"
12/01/2026,Filial 1,Visa,Crédito,POS,"R$ 676,17","2,00%","R$ 7,35",17/02/2026,"R$ 655,30"
05/01/2026,Filial 1,Visa,PIX,TEF,"R$ 456,46","0,30%","R$ 5,53",26/01/2026,"R$ 449,56"
21/02/2026,Filial 1,PIX,Débito,POS,"R$ 567,66","0,75%","R$ 7,78",28/02/2026,"R$ 555,62"
27/02/2026,Matriz,PIX,Débito,TEF,"R$ 338,31","0,75%","R$ 6,30",04/02/2026,"R$ 329,47"
07/03/2026,Matriz,Mastercard,Crédito,Online,"R$ 528,62","2,00%","R$ 4,57",11/04/2026,"R$ 513,48"
26/03/2026,Filial 1,Visa,PIX,Online,"R$ 416,37","0,30%","R$ 9,54",24/04/2026,"R$ 405,58"
07/03/2026,Filial 1,Mastercard,Débito,POS,"R$ 547,46","0,75%","R$ 14,64",25/04/2026,"R$ 528,71"
27/03/2026,Matriz,PIX,PIX,Online,"R$ 364,53","0,30%","R$ 24,84",29/04/2026,"R$ 338,60"
13/03/2026,Filial 1,Amex,Débito,POS,"R$ 387,62","0,75%","R$ 14,42",10/04/2026,"R$ 370,29"
27/03/2026,Matriz,Amex,Débito,POS,"R$ 484,56","0,75%","R$ 10,16",07/04/2026,"R$ 470,77"
26/03/2026,Matriz,PIX,Crédito,TEF,"R$ 877,33","2,00%","R$ 21,30",22/04/2026,"R$ 838,48"
04/03/2026,Filial 1,Amex,PIX,POS,"R$ 118,87","0,30%","R$ 17,09",25/04/2026,"R$ 101,42"
26/03/2026,Filial 1,Elo,Crédito,POS,"R$ 319,15","2,00%","R$ 6,64",18/04/2026,"R$ 306,13"
05/03/2026,Matriz,Amex,Voucher,TEF,"R$ 517,64","7,00%","R$ 18,81",08/04/2026,"R$ 462,60"
27/03/2026,Filial 1,Mastercard,PIX,Online,"R$ 251,85","0,30%","R$ 24,67",03/04/2026,"R$ 226,42"
10/03/2026,Filial 1,Visa,Voucher,TEF,"R$ 310,87","7,00%","R$ 16,12",29/04/2026,"R$ 272,99"
04/03/2026,Filial 1,Visa,PIX,TEF,"R$ 792,53","0,30%","R$ 15,07",19/04/2026,"R$ 775,08"
02/03/2026,Matriz,Mastercard,Voucher,Online,"R$ 287,65","7,00%","R$ 1,18",28/04/2026,"R$ 266,33"
13/03/2026,Matriz,PIX,PIX,POS,"R$ 424,98","0,30%","R$ 1,90",08/04/2026,"R$ 421,81"
05/03/2026,Matriz,Elo,PIX,Online,"R$ 129,94","0,30%","R$ 12,11",02/04/2026,"R$ 117,44"
23/03/2026,Matriz,Amex,Voucher,TEF,"R$ 726,88","7,00%","R$ 18,20",23/04/2026,"R$ 657,80"
24/03/2026,Matriz,Elo,PIX,POS,"R$ 682,21","0,30%","R$ 5,84",29/04/2026,"R$ 674,32"
23/03/2026,Matriz,Amex,PIX,POS,"R$ 948,42","0,30%","R$ 24,57",23/04/2026,"R$ 921,00"
05/03/2026,Filial 1,Amex,PIX,POS,"R$ 121,73","0,30%","R$ 16,71",04/04/2026,"R$ 104,65"
06/03/2026,Matriz,Mastercard,PIX,TEF,"R$ 68,71","0,30%","R$ 11,47",30/04/2026,"R$ 57,03"
25/03/2026,Matriz,PIX,PIX,TEF,"R$ 915,50","0,30%","R$ 1,45",29/04/2026,"R$ 911,30"
04/03/2026,Filial 1,Elo,Voucher,POS,"R$ 22,99","7,00%","R$ 2,33",15/04/2026,"R$ 19,05"
26/03/2026,Filial 1,Elo,Voucher,POS,"R$ 979,97","7,00%","R$ 0,32",17/04/2026,"R$ 911,05"
23/03/2026,Filial 1,PIX,Débito,Online,"R$ 434,15","0,75%","R$ 10,33",11/04/2026,"R$ 420,56"
27/03/2026,Filial 1,Mastercard,Voucher,Online,"R$ 247,75","7,00%","R$ 16,57",14/04/2026,"R$ 213,84"
26/03/2026,Matriz,Visa,Voucher,TEF,"R$ 315,92","7,00%","R$ 18,37",01/04/2026,"R$ 275,44"
27/03/2026,Matriz,PIX,Crédito,TEF,"R$ 42,59","2,00%","R$ 9,30",28/04/2026,"R$ 32,44"
16/03/2026,Filial 1,Amex,Voucher,TEF,"R$ 602,38","7,00%","R$ 1,16",02/04/2026,"R$ 559,05"
13/03/2026,Matriz,Mastercard,Crédito,POS,"R$ 318,97","2,00%","R$ 6,76",12/04/2026,"R$ 305,83"
17/03/2026,Filial 1,Mastercard,PIX,POS,"R$ 318,88","0,30%","R$ 14,35",07/04/2026,"R$ 303,57"
27/03/2026,Filial 1,Visa,Crédito,POS,"R$ 36,32","2,00%","R$ 3,46",19/04/2026,"R$ 32,13"
03/03/2026,Filial 1,PIX,PIX,TEF,"R$ 724,06","0,30%","R$ 13,87",12/04/2026,"R$ 708,02"
05/03/2026,Filial 1,PIX,Voucher,Online,"R$ 490,06","7,00%","R$ 5,75",10/04/2026,"R$ 450,01"
24/03/2026,Matriz,PIX,PIX,Online,"R$ 579,62","0,30%","R$ 14,16",15/04/2026,"R$ 563,72"
22/03/2026,Matriz,Visa,PIX,POS,"R$ 312,07","0,30%","R$ 11,32",07/04/2026,"R$ 299,81"
15/03/2026,Matriz,Amex,Débito,Online,"R$ 646,14","0,75%","R$ 20,64",30/04/2026,"R$ 620,65"
29/03/2026,Filial 1,PIX,Voucher,POS,"R$ 612,26","7,00%","R$ 22,83",21/04/2026,"R$ 546,57"
12/03/2026,Filial 1,Elo,PIX,POS,"R$ 927,17","0,30%","R$ 6,82",20/04/2026,"R$ 917,57"
18/03/2026,Filial 1,Amex,Débito,POS,"R$ 460,39","0,75%","R$ 5,85",19/04/2026,"R$ 451,09"
15/03/2026,Matriz,Amex,PIX,Online,"R$ 771,94","0,30%","R$ 22,11",13/04/2026,"R$ 747,51"
08/03/2026,Filial 1,Elo,Crédito,POS,"R$ 152,89","2,00%","R$ 5,65",21/04/2026,"R$ 144,18"
10/03/2026,Matriz,Elo,Débito,Online,"R$ 698,36","0,75%","R$ 15,19",07/04/2026,"R$ 677,93"
17/03/2026,Filial 1,Elo,Voucher,Online,"R$ 904,05","7,00%","R$ 10,53",19/04/2026,"R$ 830,24"
28/03/2026,Matriz,Elo,Voucher,Online,"R$ 262,72","7,00%","R$ 13,11",11/04/2026,"R$ 231,22"
02/03/2026,Matriz,Visa,PIX,TEF,"R$ 673,38","0,30%","R$ 18,49",16/04/2026,"R$ 652,87"
22/03/2026,Matriz,Mastercard,PIX,TEF,"R$ 360,55","0,30%","R$ 8,43",25/04/2026,"R$ 351,04"
24/03/2026,Matriz,Mastercard,PIX,Online,"R$ 162,27","0,30%","R$ 1,22",15/04/2026,"R$ 160,56"
24/03/2026,Matriz,PIX,PIX,Online,"R$ 504,94","0,30%","R$ 1,66",18/04/2026,"R$ 501,77"
13/03/2026,Filial 1,Mastercard,Voucher,Online,"R$ 92,68","7,00%","R$ 17,03",10/04/2026,"R$ 69,16"
16/03/2026,Matriz,Visa,PIX,TEF,"R$ 203,54","0,30%","R$ 22,36",28/04/2026,"R$ 180,57"
04/03/2026,Matriz,Mastercard,Crédito,POS,"R$ 608,52","2,00%","R$ 1,03",06/04/2026,"R$ 595,32"
02/03/2026,Filial 1,Visa,Voucher,TEF,"R$ 234,13","7,00%","R$ 10,80",19/04/2026,"R$ 206,94"
24/03/2026,Filial 1,PIX,Voucher,TEF,"R$ 86,91","7,00%","R$ 7,69",29/04/2026,"R$ 73,14"
27/03/2026,Filial 1,Visa,Crédito,TEF,"R$ 930,34","2,00%","R$ 8,07",24/04/2026,"R$ 903,66"
16/03/2026,Filial 1,PIX,PIX,Online,"R$ 141,51","0,30%","R$ 21,16",22/04/2026,"R$ 119,93"
26/03/2026,Filial 1,Elo,Voucher,POS,"R$ 634,68","7,00%","R$ 24,40",05/04/2026,"R$ 565,85"
05/03/2026,Matriz,Elo,Crédito,Online,"R$ 703,31","2,00%","R$ 10,01",06/04/2026,"R$ 679,23"
13/03/2026,Matriz,Visa,PIX,POS,"R$ 334,86","0,30%","R$ 10,62",06/04/2026,"R$ 323,24"
11/03/2026,Matriz,Mastercard,PIX,POS,"R$ 896,16","0,30%","R$ 7,37",25/04/2026,"R$ 886,10"
11/03/2026,Matriz,Visa,Débito,POS,"R$ 371,54","0,75%","R$ 19,32",05/04/2026,"R$ 349,43"
04/03/2026,Filial 1,Amex,Débito,POS,"R$ 74,45","0,75%","R$ 22,38",16/04/2026,"R$ 51,51"
15/03/2026,Matriz,Mastercard,Crédito,POS,"R$ 301,29","2,00%","R$ 10,42",16/04/2026,"R$ 284,84"
02/03/2026,Matriz,Amex,Voucher,Online,"R$ 39,23","7,00%","R$ 7,80",09/04/2026,"R$ 28,68"
18/03/2026,Filial 1,Visa,PIX,Online,"R$ 357,99","0,30%","R$ 7,32",12/04/2026,"R$ 349,60"
06/03/2026,Matriz,Elo,PIX,TEF,"R$ 535,78","0,30%","R$ 22,33",02/04/2026,"R$ 511,84"
16/03/2026,Filial 1,Mastercard,Voucher,Online,"R$ 987,97","7,00%","R$ 16,86",06/04/2026,"R$ 901,95"
03/03/2026,Matriz,Visa,PIX,POS,"R$ 211,57","0,30%","R$ 8,99",01/04/2026,"R$ 201,95"
28/03/2026,Matriz,Mastercard,PIX,TEF,"R$ 690,67","0,30%","R$ 16,55",14/04/2026,"R$ 672,05"
18/03/2026,Filial 1,Elo,Débito,TEF,"R$ 917,33","0,75%","R$ 14,15",18/04/2026,"R$ 896,30"
05/03/2026,Matriz,Elo,Voucher,Online,"R$ 885,80","7,00%","R$ 9,18",12/04/2026,"R$ 814,61"
18/03/2026,Filial 1,Elo,Crédito,POS,"R$ 206,32","2,00%","R$ 18,37",05/04/2026,"R$ 183,82"
28/03/2026,Matriz,Visa,Voucher,POS,"R$ 150,77","7,00%","R$ 23,62",16/04/2026,"R$ 116,60"
10/03/2026,Filial 1,Elo,Voucher,POS,"R$ 567,83","7,00%","R$ 17,44",26/04/2026,"R$ 510,64"
02/03/2026,Matriz,Amex,PIX,POS,"R$ 898,86","0,30%","R$ 1,64",29/04/2026,"R$ 894,52"
26/03/2026,Matriz,Elo,Voucher,POS,"R$ 970,29","7,00%","R$ 2,82",03/04/2026,"R$ 899,55"
22/03/2026,Filial 1,Mastercard,Débito,TEF,"R$ 997,82","0,75%","R$ 3,64",18/04/2026,"R$ 986,70"
12/03/2026,Matriz,Mastercard,Débito,TEF,"R$ 326,88","0,75%","R$ 21,97",24/04/2026,"R$ 302,46"
15/03/2026,Filial 1,PIX,PIX,POS,"R$ 942,32","0,30%","R$ 15,53",13/04/2026,"R$ 923,96"
31/03/2026,Matriz,PIX,Crédito,Online,"R$ 882,89","2,00%","R$ 23,81",21/04/2026,"R$ 841,42"
19/03/2026,Matriz,Mastercard,Voucher,TEF,"R$ 249,86","7,00%","R$ 21,70",07/04/2026,"R$ 210,67"
18/03/2026,Filial 1,Visa,Voucher,POS,"R$ 758,58","7,00%","R$ 14,95",28/04/2026,"R$ 690,53"
17/03/2026,Matriz,Mastercard,Débito,Online,"R$ 570,20","0,75%","R$ 22,45",27/04/2026,"R$ 543,47"
01/03/2026,Matriz,Elo,Voucher,TEF,"R$ 54,49","7,00%","R$ 16,26",01/04/2026,"R$ 34,42"
01/03/2026,Matriz,Amex,Voucher,POS,"R$ 371,42","7,00%","R$ 20,49",10/04/2026,"R$ 324,93"
20/03/2026,Matriz,Visa,Voucher,Online,"R$ 187,18","7,00%","R$ 18,50",13/04/2026,"R$ 155,58"
18/03/2026,Matriz,PIX,Voucher,TEF,"R$ 543,25","7,00%","R$ 4,17",02/04/2026,"R$ 501,05"
28/03/2026,Filial 1,Mastercard,Crédito,Online,"R$ 963,99","2,00%","R$ 14,25",17/04/2026,"R$ 930,46"
21/03/2026,Matriz,PIX,PIX,POS,"R$ 268,09","0,30%","R$ 15,25",08/04/2026,"R$ 252,04"
11/03/2026,Filial 1,PIX,PIX,Online,"R$ 273,11","0,30%","R$ 5,99",09/04/2026,"R$ 266,30"
16/03/2026,Matriz,Mastercard,PIX,TEF,"R$ 514,42","0,30%","R$ 5,74",26/04/2026,"R$ 507,14"
08/03/2026,Matriz,Elo,Crédito,TEF,"R$ 922,32","2,00%","R$ 8,14",18/04/2026,"R$ 895,73"
27/03/2026,Filial 1,Elo,Voucher,POS,"R$ 994,22","7,00%","R$ 13,28",26/04/2026,"R$ 911,34"
21/03/2026,Filial 1,Visa,Voucher,POS,"R$ 385,16","7,00%","R$ 22,55",04/04/2026,"R$ 335,65"
25/03/2026,Matriz,PIX,Voucher,Online,"R$ 137,07","7,00%","R$ 14,69",29/04/2026,"R$ 112,79"
04/03/2026,Filial 1,Visa,PIX,Online,"R$ 806,48","0,30%","R$ 23,70",26/04/2026,"R$ 780,36"
09/03/2026,Filial 1,Elo,Crédito,Online,"R$ 437,34","2,00%","R$ 6,46",13/04/2026,"R$ 422,13"
22/03/2026,Filial 1,Mastercard,PIX,Online,"R$ 881,92","0,30%","R$ 15,87",18/04/2026,"R$ 863,40"
15/03/2026,Filial 1,Mastercard,PIX,Online,"R$ 258,67","0,30%","R$ 5,59",18/04/2026,"R$ 252,30"
30/03/2026,Filial 1,Mastercard,Crédito,Online,"R$ 306,11","2,00%","R$ 20,29",04/04/2026,"R$ 279,70"
10/03/2026,Filial 1,PIX,PIX,Online,"R$ 991,03","0,30%","R$ 16,68",28/04/2026,"R$ 971,38"
16/03/2026,Filial 1,Visa,Crédito,POS,"R$ 23,33","2,00%","R$ 15,12",24/04/2026,"R$ 7,74"
09/03/2026,Matriz,Mastercard,PIX,TEF,"R$ 119,84","0,30%","R$ 20,42",24/04/2026,"R$ 99,06"
22/03/2026,Filial 1,Visa,PIX,Online,"R$ 662,09","0,30%","R$ 11,41",05/04/2026,"R$ 648,69"
30/03/2026,Filial 1,Amex,Crédito,Online,"R$ 24,72","2,00%","R$ 5,13",29/04/2026,"R$ 19,10"
26/03/2026,Matriz,Mastercard,Crédito,POS,"R$ 170,52","2,00%","R$ 1,63",24/04/2026,"R$ 165,48"
31/03/2026,Matriz,Visa,Crédito,Online,"R$ 586,64","2,00%","R$ 11,10",21/04/2026,"R$ 563,81"
06/03/2026,Matriz,Amex,PIX,POS,"R$ 484,11","0,30%","R$ 16,89",26/04/2026,"R$ 465,77"
13/03/2026,Filial 1,Mastercard,Débito,POS,"R$ 527,10","0,75%","R$ 12,89",17/04/2026,"R$ 510,26"
02/03/2026,Filial 1,Elo,Débito,POS,"R$ 569,79","0,75%","R$ 21,60",03/04/2026,"R$ 543,92"
14/03/2026,Filial 1,Mastercard,Débito,POS,"R$ 921,03","0,75%","R$ 2,61",23/04/2026,"R$ 911,51"
18/03/2026,Filial 1,Amex,PIX,TEF,"R$ 181,76","0,30%","R$ 12,60",12/04/2026,"R$ 168,61"
30/03/2026,Filial 1,PIX,Crédito,Online,"R$ 346,84","2,00%","R$ 6,03",01/05/2026,"R$ 333,87"
15/03/2026,Matriz,Visa,Crédito,POS,"R$ 793,79","2,00%","R$ 22,00",06/04/2026,"R$ 755,91"
27/03/2026,Matriz,Visa,PIX,Online,"R$ 602,15","0,30%","R$ 15,31",23/04/2026,"R$ 585,03"
23/03/2026,Filial 1,Mastercard,PIX,Online,"R$ 101,08","0,30%","R$ 24,57",13/04/2026,"R$ 76,21"
01/03/2026,Filial 1,Amex,Voucher,POS,"R$ 872,02","7,00%","R$ 5,44",13/04/2026,"R$ 805,54"
16/03/2026,Matriz,PIX,Voucher,POS,"R$ 550,84","7,00%","R$ 22,51",25/04/2026,"R$ 489,77"
11/03/2026,Filial 1,PIX,Débito,POS,"R$ 138,68","0,75%","R$ 17,26",17/04/2026,"R$ 120,38"
07/03/2026,Filial 1,PIX,Voucher,Online,"R$ 476,14","7,00%","R$ 20,80",07/04/2026,"R$ 422,01"
11/03/2026,Filial 1,Amex,Voucher,POS,"R$ 997,16","7,00%","R$ 12,06",20/04/2026,"R$ 915,30"
22/03/2026,Matriz,Elo,Crédito,TEF,"R$ 630,46","2,00%","R$ 17,10",26/04/2026,"R$ 600,75"
21/03/2026,Matriz,Mastercard,Débito,POS,"R$ 999,64","0,75%","R$ 8,05",07/04/2026,"R$ 984,09"
12/03/2026,Filial 1,Amex,Crédito,Online,"R$ 662,53","2,00%","R$ 10,22",06/04/2026,"R$ 639,06"
16/03/2026,Filial 1,Mastercard,Crédito,TEF,"R$ 884,22","2,00%","R$ 19,95",22/04/2026,"R$ 846,59"
30/03/2026,Matriz,Visa,Crédito,TEF,"R$ 100,99","2,00%","R$ 5,47",20/04/2026,"R$ 93,50"
04/03/2026,Filial 1,Visa,Crédito,TEF,"R$ 88,96","2,00%","R$ 17,04",03/04/2026,"R$ 70,14"
19/03/2026,Filial 1,Elo,Crédito,POS,"R$ 317,34","2,00%","R$ 14,48",11/04/2026,"R$ 296,51"
16/03/2026,Matriz,Elo,Crédito,Online,"R$ 671,40","2,00%","R$ 15,76",29/04/2026,"R$ 642,21"
18/03/2026,Matriz,Amex,Débito,TEF,"R$ 962,44","0,75%","R$ 10,69",30/04/2026,"R$ 944,53"
12/03/2026,Filial 1,Visa,Débito,TEF,"R$ 176,42","0,75%","R$ 5,20",17/04/2026,"R$ 169,90"
15/03/2026,Filial 1,Mastercard,Débito,POS,"R$ 487,64","0,75%","R$ 9,55",01/04/2026,"R$ 474,43"
01/03/2026,Matriz,Amex,Débito,TEF,"R$ 321,11","0,75%","R$ 19,36",14/04/2026,"R$ 299,34"
22/03/2026,Filial 1,Visa,Débito,Online,"R$ 25,41","0,75%","R$ 20,64",17/04/2026,"R$ 4,58"
05/03/2026,Matriz,PIX,PIX,Online,"R$ 524,92","0,30%","R$ 15,99",05/04/2026,"R$ 507,36"
25/03/2026,Filial 1,Visa,PIX,POS,"R$ 836,83","0,30%","R$ 15,46",19/04/2026,"R$ 818,86"
14/03/2026,Filial 1,Elo,Débito,POS,"R$ 116,08","0,75%","R$ 1,55",18/04/2026,"R$ 113,66"
31/03/2026,Filial 1,Amex,Crédito,POS,"R$ 504,18","2,00%","R$ 22,07",11/04/2026,"R$ 472,03"
01/03/2026,Filial 1,Elo,Crédito,Online,"R$ 511,88","2,00%","R$ 1,84",24/04/2026,"R$ 499,80"
21/03/2026,Filial 1,Amex,Crédito,POS,"R$ 375,98","2,00%","R$ 18,44",07/04/2026,"R$ 350,02"
30/03/2026,Filial 1,Amex,PIX,Online,"R$ 569,76","0,30%","R$ 21,40",18/04/2026,"R$ 546,65"
17/03/2026,Filial 1,Elo,Voucher,POS,"R$ 819,89","7,00%","R$ 2,39",01/05/2026,"R$ 760,11"
11/03/2026,Matriz,Mastercard,Crédito,POS,"R$ 779,76","2,00%","R$ 9,32",06/04/2026,"R$ 754,84"
21/03/2026,Matriz,PIX,Crédito,TEF,"R$ 404,61","2,00%","R$ 16,46",15/04/2026,"R$ 380,06"
10/03/2026,Matriz,PIX,Crédito,POS,"R$ 765,13","2,00%","R$ 6,36",16/04/2026,"R$ 743,47"
23/03/2026,Matriz,Elo,Crédito,POS,"R$ 526,94","2,00%","R$ 0,53",18/04/2026,"R$ 515,87"
24/03/2026,Matriz,Elo,PIX,TEF,"R$ 558,40","0,30%","R$ 11,88",13/04/2026,"R$ 544,84"
05/03/2026,Filial 1,PIX,Crédito,POS,"R$ 692,86","2,00%","R$ 9,85",12/04/2026,"R$ 669,15"
23/03/2026,Filial 1,PIX,PIX,Online,"R$ 323,13","0,30%","R$ 5,44",09/04/2026,"R$ 316,72"
27/03/2026,Filial 1,Amex,Crédito,TEF,"R$ 163,27","2,00%","R$ 19,52",14/04/2026,"R$ 140,48"
01/04/2026,Matriz,PIX,Débito,Online,"R$ 863,99","0,75%","R$ 2,88",04/04/2026,"R$ 854,63"
01/04/2026,Filial 1,Visa,Crédito,POS,"R$ 399,89","2,00%","R$ 10,89",16/04/2026,"R$ 381,00"
01/04/2026,Matriz,Elo,PIX,TEF,"R$ 727,15","0,30%","R$ 8,13",08/04/2026,"R$ 716,84"
01/04/2026,Filial 1,Amex,Voucher,Online,"R$ 160,53","7,00%","R$ 11,25",05/04/2026,"R$ 138,04"
01/04/2026,Matriz,Mastercard,Débito,POS,"R$ 411,32","0,75%","R$ 2,53",02/04/2026,"R$ 405,71"
02/04/2026,Matriz,PIX,Débito,Online,"R$ 591,66","0,75%","R$ 5,11",08/04/2026,"R$ 582,11"
02/04/2026,Filial 1,Visa,Crédito,POS,"R$ 927,70","2,00%","R$ 17,05",16/04/2026,"R$ 892,10"
02/04/2026,Matriz,Elo,PIX,TEF,"R$ 470,97","0,30%","R$ 6,57",01/05/2026,"R$ 462,99"
02/04/2026,Filial 1,Amex,Voucher,Online,"R$ 415,27","7,00%","R$ 5,71",14/04/2026,"R$ 380,49"
02/04/2026,Matriz,Mastercard,Débito,POS,"R$ 154,25","0,75%","R$ 15,33",13/04/2026,"R$ 137,76"
03/04/2026,Matriz,PIX,Débito,Online,"R$ 934,58","0,75%","R$ 5,05",01/05/2026,"R$ 922,52"
03/04/2026,Filial 1,Visa,Crédito,POS,"R$ 583,91","2,00%","R$ 2,23",23/04/2026,"R$ 570,00"
03/04/2026,Matriz,Elo,PIX,TEF,"R$ 304,53","0,30%","R$ 3,64",22/04/2026,"R$ 299,98"
03/04/2026,Filial 1,Amex,Voucher,Online,"R$ 844,08","7,00%","R$ 2,85",21/04/2026,"R$ 782,14"
03/04/2026,Matriz,Mastercard,Débito,POS,"R$ 702,96","0,75%","R$ 7,67",15/04/2026,"R$ 690,02"
04/04/2026,Matriz,PIX,Débito,Online,"R$ 245,61","0,75%","R$ 11,06",07/04/2026,"R$ 232,71"
04/04/2026,Filial 1,Visa,Crédito,POS,"R$ 157,53","2,00%","R$ 2,13",27/04/2026,"R$ 152,25"
04/04/2026,Matriz,Elo,PIX,TEF,"R$ 561,05","0,30%","R$ 11,32",16/04/2026,"R$ 548,05"
04/04/2026,Filial 1,Amex,Voucher,Online,"R$ 261,15","7,00%","R$ 2,43",26/04/2026,"R$ 240,44"
04/04/2026,Matriz,Mastercard,Débito,POS,"R$ 819,41","0,75%","R$ 8,68",18/04/2026,"R$ 804,58"
05/04/2026,Matriz,PIX,Débito,Online,"R$ 11,11","0,75%","R$ 8,16",02/05/2026,"R$ 2,87"
05/04/2026,Filial 1,Visa,Crédito,POS,"R$ 702,29","2,00%","R$ 0,41",21/04/2026,"R$ 687,83"
05/04/2026,Matriz,Elo,PIX,TEF,"R$ 770,40","0,30%","R$ 3,40",29/04/2026,"R$ 764,69"
05/04/2026,Filial 1,Amex,Voucher,Online,"R$ 657,87","7,00%","R$ 3,63",16/04/2026,"R$ 608,19"
05/04/2026,Matriz,Mastercard,Débito,POS,"R$ 942,84","0,75%","R$ 11,81",12/04/2026,"R$ 923,96"
06/04/2026,Matriz,PIX,Débito,Online,"R$ 409,11","0,75%","R$ 1,51",02/05/2026,"R$ 404,53"
06/04/2026,Filial 1,Visa,Crédito,POS,"R$ 169,19","2,00%","R$ 17,37",18/04/2026,"R$ 148,44"
06/04/2026,Matriz,Elo,PIX,TEF,"R$ 506,79","0,30%","R$ 2,76",12/04/2026,"R$ 502,51"
06/04/2026,Filial 1,Amex,Voucher,Online,"R$ 893,97","7,00%","R$ 6,02",01/05/2026,"R$ 825,37"
06/04/2026,Matriz,Mastercard,Débito,POS,"R$ 80,70","0,75%","R$ 0,82",26/04/2026,"R$ 79,27"
07/04/2026,Matriz,PIX,Débito,Online,"R$ 290,16","0,75%","R$ 8,97",27/04/2026,"R$ 279,01"
07/04/2026,Filial 1,Visa,Crédito,POS,"R$ 541,17","2,00%","R$ 2,28",02/05/2026,"R$ 528,07"
07/04/2026,Matriz,Elo,PIX,TEF,"R$ 263,18","0,30%","R$ 13,76",25/04/2026,"R$ 248,63"
07/04/2026,Filial 1,Amex,Voucher,Online,"R$ 544,37","7,00%","R$ 3,91",06/05/2026,"R$ 502,35"
07/04/2026,Matriz,Mastercard,Débito,POS,"R$ 592,08","0,75%","R$ 3,22",09/04/2026,"R$ 584,42"
08/04/2026,Matriz,PIX,Débito,Online,"R$ 654,99","0,75%","R$ 9,07",16/04/2026,"R$ 641,01"
08/04/2026,Filial 1,Visa,Crédito,POS,"R$ 254,80","2,00%","R$ 0,59",05/05/2026,"R$ 249,11"
08/04/2026,Matriz,Elo,PIX,TEF,"R$ 356,95","0,30%","R$ 2,16",15/04/2026,"R$ 353,72"
08/04/2026,Filial 1,Amex,Voucher,Online,"R$ 849,28","7,00%","R$ 5,61",11/04/2026,"R$ 784,22"
08/04/2026,Matriz,Mastercard,Débito,POS,"R$ 201,59","0,75%","R$ 2,91",13/04/2026,"R$ 197,17"
09/04/2026,Matriz,PIX,Débito,Online,"R$ 699,11","0,75%","R$ 10,41",22/04/2026,"R$ 683,46"
09/04/2026,Filial 1,Visa,Crédito,POS,"R$ 484,54","2,00%","R$ 11,78",13/04/2026,"R$ 463,07"
09/04/2026,Matriz,Elo,PIX,TEF,"R$ 16,63","0,30%","R$ 4,62",23/04/2026,"R$ 11,96"
09/04/2026,Filial 1,Amex,Voucher,Online,"R$ 818,85","7,00%","R$ 10,41",14/04/2026,"R$ 751,12"
09/04/2026,Matriz,Mastercard,Débito,POS,"R$ 416,69","0,75%","R$ 20,93",10/04/2026,"R$ 392,63"
10/04/2026,Matriz,PIX,Débito,Online,"R$ 297,59","0,75%","R$ 10,44",20/04/2026,"R$ 284,92"
10/04/2026,Filial 1,Visa,Crédito,POS,"R$ 628,31","2,00%","R$ 11,40",17/04/2026,"R$ 604,34"
10/04/2026,Matriz,Elo,PIX,TEF,"R$ 733,93","0,30%","R$ 10,22",22/04/2026,"R$ 721,51"
10/04/2026,Filial 1,Amex,Voucher,Online,"R$ 883,09","7,00%","R$ 5,08",13/04/2026,"R$ 816,19"
10/04/2026,Matriz,Mastercard,Débito,POS,"R$ 526,86","0,75%","R$ 5,22",26/04/2026,"R$ 517,69"
11/04/2026,Matriz,PIX,Débito,Online,"R$ 574,72","0,75%","R$ 6,71",22/04/2026,"R$ 563,70"
11/04/2026,Filial 1,Visa,Crédito,POS,"R$ 325,38","2,00%","R$ 5,33",18/04/2026,"R$ 313,54"
11/04/2026,Matriz,Elo,PIX,TEF,"R$ 95,03","0,30%","R$ 8,20",24/04/2026,"R$ 86,54"
11/04/2026,Filial 1,Amex,Voucher,Online,"R$ 731,16","7,00%","R$ 12,24",19/04/2026,"R$ 667,74"
11/04/2026,Matriz,Mastercard,Débito,POS,"R$ 683,32","0,75%","R$ 3,93",05/05/2026,"R$ 674,27"
12/04/2026,Matriz,PIX,Débito,Online,"R$ 896,42","0,75%","R$ 6,12",15/04/2026,"R$ 883,58"
12/04/2026,Filial 1,Visa,Crédito,POS,"R$ 514,58","2,00%","R$ 9,95",17/04/2026,"R$ 494,34"
12/04/2026,Matriz,Elo,PIX,TEF,"R$ 821,86","0,30%","R$ 3,15",25/04/2026,"R$ 816,24"
12/04/2026,Filial 1,Amex,Voucher,Online,"R$ 985,41","7,00%","R$ 2,36",16/04/2026,"R$ 914,07"
12/04/2026,Matriz,Mastercard,Débito,POS,"R$ 282,17","0,75%","R$ 5,64",04/04/2026,"R$ 274,41"
13/04/2026,Matriz,PIX,Débito,Online,"R$ 212,88","0,75%","R$ 7,47",09/04/2026,"R$ 203,81"
13/04/2026,Filial 1,Visa,Crédito,POS,"R$ 160,25","2,00%","R$ 9,00",09/04/2026,"R$ 148,05"
13/04/2026,Matriz,Elo,PIX,TEF,"R$ 862,93","0,30%","R$ 10,13",28/04/2026,"R$ 850,21"
13/04/2026,Filial 1,Amex,Voucher,Online,"R$ 775,11","7,00%","R$ 3,10",05/04/2026,"R$ 717,75"
13/04/2026,Matriz,Mastercard,Débito,POS,"R$ 721,34","0,75%","R$ 3,48",30/04/2026,"R$ 712,45"
14/04/2026,Matriz,PIX,Débito,Online,"R$ 23,51","0,75%","R$ 3,99",16/04/2026,"R$ 19,34"
14/04/2026,Filial 1,Visa,Crédito,POS,"R$ 36,50","2,00%","R$ 5,15",26/04/2026,"R$ 30,62"
14/04/2026,Matriz,Elo,PIX,TEF,"R$ 377,38","0,30%","R$ 1,03",17/04/2026,"R$ 375,22"
14/04/2026,Filial 1,Amex,Voucher,Online,"R$ 133,59","7,00%","R$ 9,18",03/05/2026,"R$ 115,06"
14/04/2026,Matriz,Mastercard,Débito,POS,"R$ 381,71","0,75%","R$ 10,29",02/04/2026,"R$ 368,56"
15/04/2026,Matriz,PIX,Débito,Online,"R$ 748,40","0,75%","R$ 2,87",23/04/2026,"R$ 739,92"
15/04/2026,Filial 1,Visa,Crédito,POS,"R$ 926,30","2,00%","R$ 8,18",09/04/2026,"R$ 899,59"
15/04/2026,Matriz,Elo,PIX,TEF,"R$ 118,64","0,30%","R$ 11,77",01/05/2026,"R$ 106,51"
15/04/2026,Filial 1,Amex,Voucher,Online,"R$ 333,62","7,00%","R$ 15,12",03/04/2026,"R$ 295,15"
15/04/2026,Matriz,Mastercard,Débito,POS,"R$ 871,81","0,75%","R$ 3,34",02/05/2026,"R$ 861,93"
16/04/2026,Matriz,PIX,Débito,Online,"R$ 568,63","0,75%","R$ 4,25",04/05/2026,"R$ 560,12"
16/04/2026,Filial 1,Visa,Crédito,POS,"R$ 131,60","2,00%","R$ 10,07",16/04/2026,"R$ 118,90"
16/04/2026,Matriz,Elo,PIX,TEF,"R$ 841,49","0,30%","R$ 5,65",02/05/2026,"R$ 833,32"
16/04/2026,Filial 1,Amex,Voucher,Online,"R$ 461,38","7,00%","R$ 5,09",07/05/2026,"R$ 423,99"
16/04/2026,Matriz,Mastercard,Débito,POS,"R$ 783,13","0,75%","R$ 1,78",30/04/2026,"R$ 775,48"
17/04/2026,Matriz,PIX,Débito,Online,"R$ 36,13","0,75%","R$ 8,48",05/05/2026,"R$ 27,38"
17/04/2026,Filial 1,Visa,Crédito,POS,"R$ 265,68","2,00%","R$ 22,40",24/04/2026,"R$ 237,97"
17/04/2026,Matriz,Elo,PIX,TEF,"R$ 657,62","0,30%","R$ 13,60",09/05/2026,"R$ 642,05"
17/04/2026,Filial 1,Amex,Voucher,Online,"R$ 185,56","7,00%","R$ 7,23",07/05/2026,"R$ 165,34"
17/04/2026,Matriz,Mastercard,Débito,POS,"R$ 429,45","0,75%","R$ 7,32",07/04/2026,"R$ 418,91"
18/04/2026,Matriz,PIX,Débito,Online,"R$ 298,33","0,75%","R$ 12,63",10/05/2026,"R$ 283,46"
18/04/2026,Filial 1,Visa,Crédito,POS,"R$ 392,21","2,00%","R$ 10,24",16/05/2026,"R$ 374,13"
18/04/2026,Matriz,Elo,PIX,TEF,"R$ 359,68","0,30%","R$ 7,74",06/04/2026,"R$ 350,86"
18/04/2026,Filial 1,Amex,Voucher,Online,"R$ 948,91","7,00%","R$ 8,89",17/05/2026,"R$ 873,60"
18/04/2026,Matriz,Mastercard,Débito,POS,"R$ 261,28","0,75%","R$ 5,40",23/04/2026,"R$ 253,92"
19/04/2026,Matriz,PIX,Débito,Online,"R$ 940,12","0,75%","R$ 3,56",08/04/2026,"R$ 929,51"
19/04/2026,Filial 1,Visa,Crédito,POS,"R$ 88,33","2,00%","R$ 7,44",23/04/2026,"R$ 79,12"
19/04/2026,Matriz,Elo,PIX,TEF,"R$ 246,65","0,30%","R$ 19,83",26/04/2026,"R$ 226,08"
19/04/2026,Filial 1,Amex,Voucher,Online,"R$ 857,85","7,00%","R$ 9,63",04/04/2026,"R$ 788,17"
19/04/2026,Matriz,Mastercard,Débito,POS,"R$ 138,47","0,75%","R$ 0,42",04/05/2026,"R$ 137,01"
20/04/2026,Matriz,PIX,Débito,Online,"R$ 623,66","0,75%","R$ 5,06",17/04/2026,"R$ 613,92"
20/04/2026,Filial 1,Visa,Crédito,POS,"R$ 117,53","2,00%","R$ 9,58",13/05/2026,"R$ 105,60"
20/04/2026,Matriz,Elo,PIX,TEF,"R$ 999,17","0,30%","R$ 8,39",10/04/2026,"R$ 987,78"
20/04/2026,Filial 1,Amex,Voucher,Online,"R$ 992,26","7,00%","R$ 6,78",14/04/2026,"R$ 916,02"
20/04/2026,Matriz,Mastercard,Débito,POS,"R$ 901,55","0,75%","R$ 8,52",14/05/2026,"R$ 886,27"
21/04/2026,Matriz,PIX,Débito,Online,"R$ 553,73","0,75%","R$ 1,71",08/05/2026,"R$ 547,87"
21/04/2026,Filial 1,Visa,Crédito,POS,"R$ 776,15","2,00%","R$ 12,70",23/04/2026,"R$ 747,93"
21/04/2026,Matriz,Elo,PIX,TEF,"R$ 161,68","0,30%","R$ 5,97",22/04/2026,"R$ 155,22"
21/04/2026,Filial 1,Amex,Voucher,Online,"R$ 136,00","7,00%","R$ 2,96",27/04/2026,"R$ 123,52"
21/04/2026,Matriz,Mastercard,Débito,POS,"R$ 688,67","0,75%","R$ 12,66",13/05/2026,"R$ 670,84"
22/04/2026,Matriz,PIX,Débito,Online,"R$ 224,96","0,75%","R$ 7,19",09/04/2026,"R$ 216,08"
22/04/2026,Filial 1,Visa,Crédito,POS,"R$ 56,33","2,00%","R$ 13,57",02/05/2026,"R$ 41,63"
22/04/2026,Matriz,Elo,PIX,TEF,"R$ 491,08","0,30%","R$ 2,46",08/04/2026,"R$ 487,15"
22/04/2026,Filial 1,Amex,Voucher,Online,"R$ 611,86","7,00%","R$ 9,92",01/05/2026,"R$ 559,11"
22/04/2026,Matriz,Mastercard,Débito,POS,"R$ 299,46","0,75%","R$ 14,82",18/05/2026,"R$ 282,39"
23/04/2026,Matriz,PIX,Débito,Online,"R$ 16,90","0,75%","R$ 11,40",19/04/2026,"R$ 5,37"
23/04/2026,Filial 1,Visa,Crédito,POS,"R$ 653,65","2,00%","R$ 17,87",01/05/2026,"R$ 622,71"
23/04/2026,Matriz,Elo,PIX,TEF,"R$ 185,87","0,30%","R$ 10,93",14/05/2026,"R$ 174,38"
23/04/2026,Filial 1,Amex,Voucher,Online,"R$ 116,89","7,00%","R$ 6,95",01/04/2026,"R$ 101,76"
23/04/2026,Matriz,Mastercard,Débito,POS,"R$ 976,28","0,75%","R$ 14,73",25/05/2026,"R$ 954,23"
24/04/2026,Matriz,PIX,Débito,Online,"R$ 38,54","0,75%","R$ 2,33",01/05/2026,"R$ 35,92"
24/04/2026,Filial 1,Visa,Crédito,POS,"R$ 406,52","2,00%","R$ 10,77",12/05/2026,"R$ 387,62"
24/04/2026,Matriz,Elo,PIX,TEF,"R$ 504,12","0,30%","R$ 7,10",06/04/2026,"R$ 495,51"
24/04/2026,Filial 1,Amex,Voucher,Online,"R$ 127,86","7,00%","R$ 5,86",22/04/2026,"R$ 113,05"
24/04/2026,Matriz,Mastercard,Débito,POS,"R$ 978,56","0,75%","R$ 1,64",20/04/2026,"R$ 969,58"
25/04/2026,Matriz,PIX,Débito,Online,"R$ 817,43","0,75%","R$ 1,14",02/05/2026,"R$ 810,16"
25/04/2026,Filial 1,Visa,Crédito,POS,"R$ 820,30","2,00%","R$ 1,75",09/05/2026,"R$ 802,14"
25/04/2026,Matriz,Elo,PIX,TEF,"R$ 40,72","0,30%","R$ 6,62",08/04/2026,"R$ 33,98"
25/04/2026,Filial 1,Amex,Voucher,Online,"R$ 595,34","7,00%","R$ 17,20",16/05/2026,"R$ 536,47"
25/04/2026,Matriz,Mastercard,Débito,POS,"R$ 540,64","0,75%","R$ 22,34",08/04/2026,"R$ 514,25"
26/04/2026,Matriz,PIX,Débito,Online,"R$ 98,23","0,75%","R$ 11,22",09/05/2026,"R$ 86,27"
26/04/2026,Filial 1,Visa,Crédito,POS,"R$ 467,79","2,00%","R$ 5,40",20/05/2026,"R$ 453,03"
26/04/2026,Matriz,Elo,PIX,TEF,"R$ 164,39","0,30%","R$ 5,08",01/04/2026,"R$ 158,82"
26/04/2026,Filial 1,Amex,Voucher,Online,"R$ 125,65","7,00%","R$ 5,12",19/05/2026,"R$ 111,73"
26/04/2026,Matriz,Mastercard,Débito,POS,"R$ 581,29","0,75%","R$ 0,73",05/04/2026,"R$ 576,20"
27/04/2026,Matriz,PIX,Débito,Online,"R$ 575,85","0,75%","R$ 1,66",20/04/2026,"R$ 569,87"
27/04/2026,Filial 1,Visa,Crédito,POS,"R$ 956,32","2,00%","R$ 20,25",09/05/2026,"R$ 916,94"
27/04/2026,Matriz,Elo,PIX,TEF,"R$ 310,48","0,30%","R$ 12,31",15/04/2026,"R$ 297,24"
27/04/2026,Filial 1,Amex,Voucher,Online,"R$ 344,32","7,00%","R$ 6,62",30/04/2026,"R$ 313,60"
27/04/2026,Matriz,Mastercard,Débito,POS,"R$ 643,22","0,75%","R$ 5,97",23/05/2026,"R$ 632,43"
28/04/2026,Matriz,PIX,Débito,Online,"R$ 748,95","0,75%","R$ 2,15",25/04/2026,"R$ 741,18"
28/04/2026,Filial 1,Visa,Crédito,POS,"R$ 939,53","2,00%","R$ 2,93",10/04/2026,"R$ 917,81"
28/04/2026,Matriz,Elo,PIX,TEF,"R$ 387,53","0,30%","R$ 19,40",28/05/2026,"R$ 366,97"
28/04/2026,Filial 1,Amex,Voucher,Online,"R$ 954,05","7,00%","R$ 10,07",16/05/2026,"R$ 877,20"
28/04/2026,Matriz,Mastercard,Débito,POS,"R$ 20,14","0,75%","R$ 1,99",24/05/2026,"R$ 18,00"
29/04/2026,Matriz,PIX,Débito,Online,"R$ 874,94","0,75%","R$ 3,53",20/04/2026,"R$ 864,85"
29/04/2026,Filial 1,Visa,Crédito,POS,"R$ 789,49","2,00%","R$ 3,61",05/04/2026,"R$ 770,09"
29/04/2026,Matriz,Elo,PIX,TEF,"R$ 186,09","0,30%","R$ 5,52",24/05/2026,"R$ 180,01"
29/04/2026,Filial 1,Amex,Voucher,Online,"R$ 948,61","7,00%","R$ 9,23",03/05/2026,"R$ 872,98"
29/04/2026,Matriz,Mastercard,Débito,POS,"R$ 640,14","0,75%","R$ 11,78",04/05/2026,"R$ 623,56"
30/04/2026,Matriz,PIX,Débito,Online,"R$ 381,29","0,75%","R$ 10,32",16/05/2026,"R$ 368,11"
30/04/2026,Filial 1,Visa,Crédito,POS,"R$ 992,47","2,00%","R$ 5,83",09/05/2026,"R$ 966,79"
30/04/2026,Matriz,Elo,PIX,TEF,"R$ 121,15","0,30%","R$ 11,59",03/04/2026,"R$ 109,20"
30/04/2026,Filial 1,Amex,Voucher,Online,"R$ 876,34","7,00%","R$ 10,53",17/04/2026,"R$ 804,47"
30/04/2026,Matriz,Mastercard,Débito,POS,"R$ 417,14","0,75%","R$ 8,75",06/05/2026,"R$ 405,26"
01/05/2026,Matriz,PIX,Débito,Online,"R$ 428,88","0,75%","R$ 2,00",16/05/2026,"R$ 423,66"
01/05/2026,Filial 1,Visa,Crédito,POS,"R$ 401,46","2,00%","R$ 5,00",16/05/2026,"R$ 388,43"
01/05/2026,Matriz,Elo,PIX,TEF,"R$ 444,94","0,30%","R$ 3,00",16/05/2026,"R$ 440,61"
01/05/2026,Filial 1,Amex,Voucher,Online,"R$ 438,91","7,00%","R$ 8,00",16/05/2026,"R$ 400,19"
01/05/2026,Matriz,Mastercard,Débito,POS,"R$ 392,66","0,75%","R$ 5,00",16/05/2026,"R$ 384,72"
02/05/2026,Matriz,PIX,Débito,Online,"R$ 387,50","0,75%","R$ 2,00",17/05/2026,"R$ 382,59"
02/05/2026,Filial 1,Visa,Crédito,POS,"R$ 403,66","2,00%","R$ 5,00",17/05/2026,"R$ 390,59"
02/05/2026,Matriz,Elo,PIX,TEF,"R$ 448,96","0,30%","R$ 3,00",17/05/2026,"R$ 444,61"
02/05/2026,Filial 1,Amex,Voucher,Online,"R$ 418,19","7,00%","R$ 8,00",17/05/2026,"R$ 380,92"
02/05/2026,Matriz,Mastercard,Débito,POS,"R$ 428,73","0,75%","R$ 5,00",17/05/2026,"R$ 420,51"
03/05/2026,Matriz,PIX,Débito,Online,"R$ 367,75","0,75%","R$ 2,00",18/05/2026,"R$ 362,99"
03/05/2026,Filial 1,Visa,Crédito,POS,"R$ 365,01","2,00%","R$ 5,00",18/05/2026,"R$ 352,71"
03/05/2026,Matriz,Elo,PIX,TEF,"R$ 424,75","0,30%","R$ 3,00",18/05/2026,"R$ 420,48"
03/05/2026,Filial 1,Amex,Voucher,Online,"R$ 454,72","7,00%","R$ 8,00",18/05/2026,"R$ 414,89"
03/05/2026,Matriz,Mastercard,Débito,POS,"R$ 456,93","0,75%","R$ 5,00",18/05/2026,"R$ 448,50"
04/05/2026,Matriz,PIX,Débito,Online,"R$ 382,15","0,75%","R$ 2,00",19/05/2026,"R$ 377,28"
04/05/2026,Filial 1,Visa,Crédito,POS,"R$ 422,16","2,00%","R$ 5,00",19/05/2026,"R$ 408,72"
04/05/2026,Matriz,Elo,PIX,TEF,"R$ 404,32","0,30%","R$ 3,00",19/05/2026,"R$ 400,11"
04/05/2026,Filial 1,Amex,Voucher,Online,"R$ 393,70","7,00%","R$ 8,00",19/05/2026,"R$ 358,14"
04/05/2026,Matriz,Mastercard,Débito,POS,"R$ 408,09","0,75%","R$ 5,00",19/05/2026,"R$ 400,03"
05/05/2026,Matriz,PIX,Débito,Online,"R$ 396,53","0,75%","R$ 2,00",20/05/2026,"R$ 391,56"
05/05/2026,Filial 1,Visa,Crédito,POS,"R$ 412,43","2,00%","R$ 5,00",20/05/2026,"R$ 399,18"
05/05/2026,Matriz,Elo,PIX,TEF,"R$ 439,39","0,30%","R$ 3,00",20/05/2026,"R$ 435,07"
05/05/2026,Filial 1,Amex,Voucher,Online,"R$ 371,43","7,00%","R$ 8,00",20/05/2026,"R$ 337,43"
05/05/2026,Matriz,Mastercard,Débito,POS,"R$ 355,61","0,75%","R$ 5,00",20/05/2026,"R$ 347,94"
06/05/2026,Matriz,PIX,Débito,Online,"R$ 371,62","0,75%","R$ 2,00",21/05/2026,"R$ 366,83"
06/05/2026,Filial 1,Visa,Crédito,POS,"R$ 381,65","2,00%","R$ 5,00",21/05/2026,"R$ 369,02"
06/05/2026,Matriz,Elo,PIX,TEF,"R$ 352,20","0,30%","R$ 3,00",21/05/2026,"R$ 348,14"
06/05/2026,Filial 1,Amex,Voucher,Online,"R$ 437,72","7,00%","R$ 8,00",21/05/2026,"R$ 399,08"
06/05/2026,Matriz,Mastercard,Débito,POS,"R$ 448,94","0,75%","R$ 5,00",21/05/2026,"R$ 440,57"
07/05/2026,Matriz,PIX,Débito,Online,"R$ 448,67","0,75%","R$ 2,00",22/05/2026,"R$ 443,30"
07/05/2026,Filial 1,Visa,Crédito,POS,"R$ 415,91","2,00%","R$ 5,00",22/05/2026,"R$ 402,59"
07/05/2026,Matriz,Elo,PIX,TEF,"R$ 398,99","0,30%","R$ 3,00",22/05/2026,"R$ 394,79"
07/05/2026,Filial 1,Amex,Voucher,Online,"R$ 382,94","7,00%","R$ 8,00",22/05/2026,"R$ 348,13"
07/05/2026,Matriz,Mastercard,Débito,POS,"R$ 396,89","0,75%","R$ 5,00",22/05/2026,"R$ 388,91"
08/05/2026,Matriz,PIX,Débito,Online,"R$ 418,03","0,75%","R$ 2,00",23/05/2026,"R$ 412,89"
08/05/2026,Filial 1,Visa,Crédito,POS,"R$ 425,01","2,00%","R$ 5,00",23/05/2026,"R$ 411,51"
08/05/2026,Matriz,Elo,PIX,TEF,"R$ 380,75","0,30%","R$ 3,00",23/05/2026,"R$ 376,61"
08/05/2026,Filial 1,Amex,Voucher,Online,"R$ 437,87","7,00%","R$ 8,00",23/05/2026,"R$ 399,22"
08/05/2026,Matriz,Mastercard,Débito,POS,"R$ 435,33","0,75%","R$ 5,00",23/05/2026,"R$ 427,07"
09/05/2026,Matriz,PIX,Débito,Online,"R$ 395,41","0,75%","R$ 2,00",24/05/2026,"R$ 390,44"
09/05/2026,Filial 1,Visa,Crédito,POS,"R$ 376,59","2,00%","R$ 5,00",24/05/2026,"R$ 364,06"
09/05/2026,Matriz,Elo,PIX,TEF,"R$ 433,65","0,30%","R$ 3,00",24/05/2026,"R$ 429,35"
09/05/2026,Filial 1,Amex,Voucher,Online,"R$ 453,32","7,00%","R$ 8,00",24/05/2026,"R$ 413,59"
09/05/2026,Matriz,Mastercard,Débito,POS,"R$ 393,48","0,75%","R$ 5,00",24/05/2026,"R$ 385,53"
10/05/2026,Matriz,PIX,Débito,Online,"R$ 404,58","0,75%","R$ 2,00",25/05/2026,"R$ 399,55"
10/05/2026,Filial 1,Visa,Crédito,POS,"R$ 390,40","2,00%","R$ 5,00",25/05/2026,"R$ 377,59"
10/05/2026,Matriz,Elo,PIX,TEF,"R$ 425,29","0,30%","R$ 3,00",25/05/2026,"R$ 421,01"
10/05/2026,Filial 1,Amex,Voucher,Online,"R$ 386,96","7,00%","R$ 8,00",25/05/2026,"R$ 351,87"
10/05/2026,Matriz,Mastercard,Débito,POS,"R$ 437,51","0,75%","R$ 5,00",25/05/2026,"R$ 429,23"
11/05/2026,Matriz,PIX,Débito,Online,"R$ 415,89","0,75%","R$ 2,00",26/05/2026,"R$ 410,77"
11/05/2026,Filial 1,Visa,Crédito,POS,"R$ 458,29","2,00%","R$ 5,00",26/05/2026,"R$ 444,12"
11/05/2026,Matriz,Elo,PIX,TEF,"R$ 421,80","0,30%","R$ 3,00",26/05/2026,"R$ 417,53"
11/05/2026,Filial 1,Amex,Voucher,Online,"R$ 411,19","7,00%","R$ 8,00",26/05/2026,"R$ 374,41"
11/05/2026,Matriz,Mastercard,Débito,POS,"R$ 458,66","0,75%","R$ 5,00",26/05/2026,"R$ 450,22"
12/05/2026,Matriz,PIX,Débito,Online,"R$ 404,26","0,75%","R$ 2,00",27/05/2026,"R$ 399,23"
12/05/2026,Filial 1,Visa,Crédito,POS,"R$ 396,36","2,00%","R$ 5,00",27/05/2026,"R$ 383,43"
12/05/2026,Matriz,Elo,PIX,TEF,"R$ 389,95","0,30%","R$ 3,00",27/05/2026,"R$ 385,78"
12/05/2026,Filial 1,Amex,Voucher,Online,"R$ 404,28","7,00%","R$ 8,00",27/05/2026,"R$ 367,98"
12/05/2026,Matriz,Mastercard,Débito,POS,"R$ 411,54","0,75%","R$ 5,00",27/05/2026,"R$ 403,45"
13/05/2026,Matriz,PIX,Débito,Online,"R$ 421,35","0,75%","R$ 2,00",28/05/2026,"R$ 416,19"
13/05/2026,Filial 1,Visa,Crédito,POS,"R$ 453,51","2,00%","R$ 5,00",28/05/2026,"R$ 439,44"
13/05/2026,Matriz,Elo,PIX,TEF,"R$ 458,38","0,30%","R$ 3,00",28/05/2026,"R$ 454,00"
13/05/2026,Filial 1,Amex,Voucher,Online,"R$ 441,54","7,00%","R$ 8,00",28/05/2026,"R$ 402,63"
13/05/2026,Matriz,Mastercard,Débito,POS,"R$ 448,02","0,75%","R$ 5,00",28/05/2026,"R$ 439,66"
14/05/2026,Matriz,PIX,Débito,Online,"R$ 448,42","0,75%","R$ 2,00",29/05/2026,"R$ 443,06"
14/05/2026,Filial 1,Visa,Crédito,POS,"R$ 415,39","2,00%","R$ 5,00",29/05/2026,"R$ 402,08"
14/05/2026,Matriz,Elo,PIX,TEF,"R$ 359,23","0,30%","R$ 3,00",29/05/2026,"R$ 355,15"
14/05/2026,Filial 1,Amex,Voucher,Online,"R$ 397,05","7,00%","R$ 8,00",29/05/2026,"R$ 361,26"
14/05/2026,Matriz,Mastercard,Débito,POS,"R$ 368,70","0,75%","R$ 5,00",29/05/2026,"R$ 360,93"
15/05/2026,Matriz,PIX,Débito,Online,"R$ 448,38","0,75%","R$ 2,00",30/05/2026,"R$ 443,02"
15/05/2026,Filial 1,Visa,Crédito,POS,"R$ 422,80","2,00%","R$ 5,00",30/05/2026,"R$ 409,34"
15/05/2026,Matriz,Elo,PIX,TEF,"R$ 419,78","0,30%","R$ 3,00",30/05/2026,"R$ 415,52"
15/05/2026,Filial 1,Amex,Voucher,Online,"R$ 390,24","7,00%","R$ 8,00",30/05/2026,"R$ 354,92"
15/05/2026,Matriz,Mastercard,Débito,POS,"R$ 386,20","0,75%","R$ 5,00",30/05/2026,"R$ 378,30"
16/05/2026,Matriz,PIX,Débito,Online,"R$ 438,08","0,75%","R$ 2,00",31/05/2026,"R$ 432,79"
16/05/2026,Filial 1,Visa,Crédito,POS,"R$ 454,78","2,00%","R$ 5,00",31/05/2026,"R$ 440,68"
16/05/2026,Matriz,Elo,PIX,TEF,"R$ 431,60","0,30%","R$ 3,00",31/05/2026,"R$ 427,31"
16/05/2026,Filial 1,Amex,Voucher,Online,"R$ 412,58","7,00%","R$ 8,00",31/05/2026,"R$ 375,70"
16/05/2026,Matriz,Mastercard,Débito,POS,"R$ 447,51","0,75%","R$ 5,00",31/05/2026,"R$ 439,15"
17/05/2026,Matriz,PIX,Débito,Online,"R$ 444,29","0,75%","R$ 2,00",01/06/2026,"R$ 438,96"
17/05/2026,Filial 1,Visa,Crédito,POS,"R$ 351,00","2,00%","R$ 5,00",01/06/2026,"R$ 338,98"
17/05/2026,Matriz,Elo,PIX,TEF,"R$ 404,70","0,30%","R$ 3,00",01/06/2026,"R$ 400,49"
17/05/2026,Filial 1,Amex,Voucher,Online,"R$ 420,08","7,00%","R$ 8,00",01/06/2026,"R$ 382,67"
17/05/2026,Matriz,Mastercard,Débito,POS,"R$ 408,18","0,75%","R$ 5,00",01/06/2026,"R$ 400,12"
18/05/2026,Matriz,PIX,Débito,Online,"R$ 434,17","0,75%","R$ 2,00",02/06/2026,"R$ 428,91"
18/05/2026,Filial 1,Visa,Crédito,POS,"R$ 388,72","2,00%","R$ 5,00",02/06/2026,"R$ 375,95"
18/05/2026,Matriz,Elo,PIX,TEF,"R$ 359,81","0,30%","R$ 3,00",02/06/2026,"R$ 355,73"
18/05/2026,Filial 1,Amex,Voucher,Online,"R$ 406,24","7,00%","R$ 8,00",02/06/2026,"R$ 369,80"
18/05/2026,Matriz,Mastercard,Débito,POS,"R$ 431,24","0,75%","R$ 5,00",02/06/2026,"R$ 423,01"
19/05/2026,Matriz,PIX,Débito,Online,"R$ 364,83","0,75%","R$ 2,00",03/06/2026,"R$ 360,09"
19/05/2026,Filial 1,Visa,Crédito,POS,"R$ 374,31","2,00%","R$ 5,00",03/06/2026,"R$ 361,82"
19/05/2026,Matriz,Elo,PIX,TEF,"R$ 404,91","0,30%","R$ 3,00",03/06/2026,"R$ 400,70"
19/05/2026,Filial 1,Amex,Voucher,Online,"R$ 443,50","7,00%","R$ 8,00",03/06/2026,"R$ 404,46"
19/05/2026,Matriz,Mastercard,Débito,POS,"R$ 435,96","0,75%","R$ 5,00",03/06/2026,"R$ 427,69"
20/05/2026,Matriz,PIX,Débito,Online,"R$ 352,06","0,75%","R$ 2,00",04/06/2026,"R$ 347,42"
20/05/2026,Filial 1,Visa,Crédito,POS,"R$ 409,48","2,00%","R$ 5,00",04/06/2026,"R$ 396,29"
20/05/2026,Matriz,Elo,PIX,TEF,"R$ 400,52","0,30%","R$ 3,00",04/06/2026,"R$ 396,32"
20/05/2026,Filial 1,Amex,Voucher,Online,"R$ 431,49","7,00%","R$ 8,00",04/06/2026,"R$ 393,29"
20/05/2026,Matriz,Mastercard,Débito,POS,"R$ 438,92","0,75%","R$ 5,00",04/06/2026,"R$ 430,63"
21/05/2026,Matriz,PIX,Débito,Online,"R$ 389,91","0,75%","R$ 2,00",05/06/2026,"R$ 384,99"
21/05/2026,Filial 1,Visa,Crédito,POS,"R$ 357,91","2,00%","R$ 5,00",05/06/2026,"R$ 345,75"
21/05/2026,Matriz,Elo,PIX,TEF,"R$ 410,59","0,30%","R$ 3,00",05/06/2026,"R$ 406,36"
21/05/2026,Filial 1,Amex,Voucher,Online,"R$ 427,70","7,00%","R$ 8,00",05/06/2026,"R$ 389,76"
21/05/2026,Matriz,Mastercard,Débito,POS,"R$ 375,28","0,75%","R$ 5,00",05/06/2026,"R$ 367,47"
22/05/2026,Matriz,PIX,Débito,Online,"R$ 372,54","0,75%","R$ 2,00",06/06/2026,"R$ 367,75"
22/05/2026,Filial 1,Visa,Crédito,POS,"R$ 428,85","2,00%","R$ 5,00",06/06/2026,"R$ 415,27"
22/05/2026,Matriz,Elo,PIX,TEF,"R$ 363,45","0,30%","R$ 3,00",06/06/2026,"R$ 359,36"
22/05/2026,Filial 1,Amex,Voucher,Online,"R$ 430,87","7,00%","R$ 8,00",06/06/2026,"R$ 392,71"
22/05/2026,Matriz,Mastercard,Débito,POS,"R$ 358,70","0,75%","R$ 5,00",06/06/2026,"R$ 351,01"
23/05/2026,Matriz,PIX,Débito,Online,"R$ 427,16","0,75%","R$ 2,00",07/06/2026,"R$ 421,96"
23/05/2026,Filial 1,Visa,Crédito,POS,"R$ 387,67","2,00%","R$ 5,00",07/06/2026,"R$ 374,92"
23/05/2026,Matriz,Elo,PIX,TEF,"R$ 370,62","0,30%","R$ 3,00",07/06/2026,"R$ 366,51"
23/05/2026,Filial 1,Amex,Voucher,Online,"R$ 382,12","7,00%","R$ 8,00",07/06/2026,"R$ 347,37"
23/05/2026,Matriz,Mastercard,Débito,POS,"R$ 362,75","0,75%","R$ 5,00",07/06/2026,"R$ 355,03"
24/05/2026,Matriz,PIX,Débito,Online,"R$ 389,77","0,75%","R$ 2,00",08/06/2026,"R$ 384,85"
24/05/2026,Filial 1,Visa,Crédito,POS,"R$ 438,50","2,00%","R$ 5,00",08/06/2026,"R$ 424,73"
24/05/2026,Matriz,Elo,PIX,TEF,"R$ 422,11","0,30%","R$ 3,00",08/06/2026,"R$ 417,84"
24/05/2026,Filial 1,Amex,Voucher,Online,"R$ 379,22","7,00%","R$ 8,00",08/06/2026,"R$ 344,67"
24/05/2026,Matriz,Mastercard,Débito,POS,"R$ 382,12","0,75%","R$ 5,00",08/06/2026,"R$ 374,25"
25/05/2026,Matriz,PIX,Débito,Online,"R$ 432,99","0,75%","R$ 2,00",09/06/2026,"R$ 427,74"
25/05/2026,Filial 1,Visa,Crédito,POS,"R$ 452,78","2,00%","R$ 5,00",09/06/2026,"R$ 438,72"
25/05/2026,Matriz,Elo,PIX,TEF,"R$ 355,41","0,30%","R$ 3,00",09/06/2026,"R$ 351,34"
25/05/2026,Filial 1,Amex,Voucher,Online,"R$ 446,72","7,00%","R$ 8,00",09/06/2026,"R$ 407,45"
25/05/2026,Matriz,Mastercard,Débito,POS,"R$ 371,66","0,75%","R$ 5,00",09/06/2026,"R$ 363,87"
26/05/2026,Matriz,PIX,Débito,Online,"R$ 384,02","0,75%","R$ 2,00",10/06/2026,"R$ 379,14"
26/05/2026,Filial 1,Visa,Crédito,POS,"R$ 441,87","2,00%","R$ 5,00",10/06/2026,"R$ 428,03"
26/05/2026,Matriz,Elo,PIX,TEF,"R$ 446,31","0,30%","R$ 3,00",10/06/2026,"R$ 441,97"
26/05/2026,Filial 1,Amex,Voucher,Online,"R$ 445,27","7,00%","R$ 8,00",10/06/2026,"R$ 406,10"
26/05/2026,Matriz,Mastercard,Débito,POS,"R$ 350,97","0,75%","R$ 5,00",10/06/2026,"R$ 343,34"
27/05/2026,Matriz,PIX,Débito,Online,"R$ 388,14","0,75%","R$ 2,00",11/06/2026,"R$ 383,23"
27/05/2026,Filial 1,Visa,Crédito,POS,"R$ 381,59","2,00%","R$ 5,00",11/06/2026,"R$ 368,96"
27/05/2026,Matriz,Elo,PIX,TEF,"R$ 395,12","0,30%","R$ 3,00",11/06/2026,"R$ 390,93"
27/05/2026,Filial 1,Amex,Voucher,Online,"R$ 427,04","7,00%","R$ 8,00",11/06/2026,"R$ 389,15"
27/05/2026,Matriz,Mastercard,Débito,POS,"R$ 435,47","0,75%","R$ 5,00",11/06/2026,"R$ 427,20"
28/05/2026,Matriz,PIX,Débito,Online,"R$ 437,74","0,75%","R$ 2,00",12/06/2026,"R$ 432,46"
28/05/2026,Filial 1,Visa,Crédito,POS,"R$ 422,53","2,00%","R$ 5,00",12/06/2026,"R$ 409,08"
28/05/2026,Matriz,Elo,PIX,TEF,"R$ 450,40","0,30%","R$ 3,00",12/06/2026,"R$ 446,05"
28/05/2026,Filial 1,Amex,Voucher,Online,"R$ 385,33","7,00%","R$ 8,00",12/06/2026,"R$ 350,36"
28/05/2026,Matriz,Mastercard,Débito,POS,"R$ 458,94","0,75%","R$ 5,00",12/06/2026,"R$ 450,50"
29/05/2026,Matriz,PIX,Débito,Online,"R$ 374,79","0,75%","R$ 2,00",13/06/2026,"R$ 369,98"
29/05/2026,Filial 1,Visa,Crédito,POS,"R$ 457,37","2,00%","R$ 5,00",13/06/2026,"R$ 443,22"
29/05/2026,Matriz,Elo,PIX,TEF,"R$ 357,66","0,30%","R$ 3,00",13/06/2026,"R$ 353,59"
29/05/2026,Filial 1,Amex,Voucher,Online,"R$ 388,51","7,00%","R$ 8,00",13/06/2026,"R$ 353,31"
29/05/2026,Matriz,Mastercard,Débito,POS,"R$ 389,09","0,75%","R$ 5,00",13/06/2026,"R$ 381,17"
30/05/2026,Matriz,PIX,Débito,Online,"R$ 427,57","0,75%","R$ 2,00",14/06/2026,"R$ 422,36"
30/05/2026,Filial 1,Visa,Crédito,POS,"R$ 430,55","2,00%","R$ 5,00",14/06/2026,"R$ 416,94"
30/05/2026,Matriz,Elo,PIX,TEF,"R$ 394,30","0,30%","R$ 3,00",14/06/2026,"R$ 390,12"
30/05/2026,Filial 1,Amex,Voucher,Online,"R$ 433,44","7,00%","R$ 8,00",14/06/2026,"R$ 395,10"
30/05/2026,Matriz,Mastercard,Débito,POS,"R$ 386,20","0,75%","R$ 5,00",14/06/2026,"R$ 378,30"