DATA;LOJA;BANDEIRA;MODALIDADE;MODULO;VALOR_BRUTO;TAXA_PERCENTUAL;VALOR_TAXA;DATA_PREVISTA;VALOR_LIQUIDO
10/01/2026;Matriz;PIX;Débito;Online;863,99;0,75%;2,88;04/02/2026;854,63
07/02/2026;Matriz;Visa;Crédito;Online;399,89;2,00%;10,89;16/02/2026;381,00
28/01/2026;Filial 1;Visa;Débito;Online;727,15;0,75%;8,13;08/02/2026;713,57
07/01/2026;Matriz;Elo;PIX;Online;160,53;0,30%;11,25;05/02/2026;148,80
21/02/2026;Filial 1;Amex;Voucher;POS;411,32;7,00%;2,53;02/02/2026;380,00
22/01/2026;Matriz;Amex;PIX;TEF;591,66;0,30%;5,11;08/01/2026;584,78
12/02/2026;Matriz;PIX;Débito;Online;927,70;0,75%;17,05;16/02/2026;903,69
27/02/2026;Matriz;Mastercard;Voucher;Online;470,97;7,00%;6,57;01/03/2026;431,43
17/01/2026;Matriz;Amex;Débito;TEF;415,27;0,75%;5,71;14/02/2026;406,45
26/01/2026;Matriz;Amex;Débito;TEF;154,25;0,75%;15,33;13/01/2026;137,76
23/01/2026;Matriz;PIX;Crédito;POS;934,58;2,00%;5,05;01/01/2026;910,84
26/02/2026;Filial 1;Amex;Débito;Online;583,91;0,75%;2,23;23/01/2026;577,30
12/02/2026;Matriz;Elo;Débito;POS;304,53;0,75%;3,64;22/02/2026;298,61
14/01/2026;Filial 1;Elo;Débito;Online;844,08;0,75%;2,85;21/01/2026;834,90
21/02/2026;Matriz;Visa;Voucher;Online;702,96;7,00%;7,67;15/02/2026;646,08
01/01/2026;Matriz;Amex;Débito;POS;245,61;0,75%;11,06;07/01/2026;232,71
07/01/2026;Matriz;PIX;PIX;Online;157,53;0,30%;2,13;27/01/2026;154,93
12/02/2026;Matriz;Visa;Débito;TEF;561,05;0,75%;11,32;16/02/2026;545,52
05/01/2026;Matriz;Visa;PIX;Online;261,15;0,30%;2,43;26/01/2026;257,94
05/01/2026;Filial 1;Visa;PIX;POS;819,41;0,30%;8,68;18/02/2026;808,27
06/01/2026;Matriz;Elo;Voucher;TEF;11,11;7,00%;8,16;02/02/2026;2,17
21/01/2026;Filial 1;Amex;PIX;POS;702,29;0,30%;0,41;21/01/2026;699,77
31/01/2026;Matriz;Elo;Voucher;Online;770,40;7,00%;3,40;29/01/2026;713,07
07/01/2026;Filial 1;Elo;Crédito;Online;657,87;2,00%;3,63;16/01/2026;641,08
25/01/2026;Filial 1;Amex;Débito;POS;942,84;0,75%;11,81;12/01/2026;923,96
11/01/2026;Matriz;Mastercard;Voucher;TEF;409,11;7,00%;1,51;02/02/2026;378,96
22/02/2026;Matriz;Amex;Voucher;Online;169,19;7,00%;17,37;18/01/2026;139,98
14/01/2026;Matriz;Mastercard;Crédito;Online;506,79;2,00%;2,76;12/02/2026;493,89
01/02/2026;Filial 1;PIX;PIX;TEF;893,97;0,30%;6,02;01/01/2026;885,27
30/01/2026;Matriz;PIX;Voucher;Online;80,70;7,00%;0,82;26/02/2026;74,23
26/02/2026;Filial 1;Mastercard;Voucher;Online;290,16;7,00%;8,97;27/01/2026;260,88
23/01/2026;Filial 1;Mastercard;Voucher;TEF;541,17;7,00%;2,28;02/02/2026;501,01
08/02/2026;Matriz;Amex;Crédito;Online;263,18;2,00%;13,76;25/01/2026;244,16
03/01/2026;Matriz;Elo;Voucher;POS;544,37;7,00%;3,91;06/02/2026;502,35
23/01/2026;Matriz;Mastercard;PIX;Online;592,08;0,30%;3,22;09/02/2026;587,08
24/01/2026;Matriz;Elo;Crédito;TEF;654,99;2,00%;9,07;16/02/2026;632,82
10/02/2026;Matriz;Mastercard;Débito;TEF;254,80;0,75%;0,59;05/01/2026;252,30
05/02/2026;Filial 1;Visa;Débito;TEF;356,95;0,75%;2,16;15/02/2026;352,11
16/02/2026;Matriz;Amex;Voucher;TEF;849,28;7,00%;5,61;11/02/2026;784,22
17/02/2026;Filial 1;Amex;Débito;POS;201,59;0,75%;2,91;13/02/2026;197,17
04/01/2026;Matriz;Elo;Voucher;Online;699,11;7,00%;10,41;22/01/2026;639,76
23/01/2026;Filial 1;PIX;Débito;Online;484,54;0,75%;11,78;13/02/2026;469,13
01/01/2026;Filial 1;Visa;PIX;Online;16,63;0,30%;4,62;23/02/2026;11,96
11/02/2026;Filial 1;Mastercard;PIX;TEF;818,85;0,30%;10,41;14/02/2026;805,98
17/02/2026;Filial 1;Visa;Voucher;TEF;416,69;7,00%;20,93;10/02/2026;366,59
29/01/2026;Matriz;Visa;Crédito;POS;297,59;2,00%;10,44;20/02/2026;281,20
07/01/2026;Matriz;Mastercard;Voucher;POS;628,31;7,00%;11,40;17/02/2026;572,93
24/01/2026;Filial 1;Amex;Débito;Online;733,93;0,75%;10,22;22/02/2026;718,21
07/02/2026;Filial 1;Visa;PIX;TEF;883,09;0,30%;5,08;13/01/2026;875,36
10/02/2026;Filial 1;Elo;Crédito;TEF;526,86;2,00%;5,22;26/02/2026;511,10
15/02/2026;Filial 1;Elo;Voucher;POS;574,72;7,00%;6,71;22/02/2026;527,78
05/02/2026;Matriz;Mastercard;Crédito;Online;325,38;2,00%;5,33;18/02/2026;313,54
05/01/2026;Filial 1;Amex;Crédito;TEF;95,03;2,00%;8,20;24/01/2026;84,93
19/02/2026;Filial 1;PIX;Voucher;Online;731,16;7,00%;12,24;19/01/2026;667,74
29/01/2026;Filial 1;PIX;PIX;TEF;683,32;0,30%;3,93;05/03/2026;677,34
26/02/2026;Matriz;Mastercard;Voucher;POS;896,42;7,00%;6,12;15/02/2026;827,55
23/01/2026;Filial 1;PIX;PIX;Online;514,58;0,30%;9,95;17/01/2026;503,09
17/01/2026;Matriz;Mastercard;Voucher;TEF;821,86;7,00%;3,15;25/02/2026;761,18
09/01/2026;Matriz;PIX;Voucher;TEF;985,41;7,00%;2,36;16/01/2026;914,07
26/01/2026;Filial 1;Visa;PIX;TEF;282,17;0,30%;5,64;04/01/2026;275,68
04/01/2026;Filial 1;Visa;Voucher;Online;212,88;7,00%;7,47;09/01/2026;190,51
10/02/2026;Filial 1;Elo;Crédito;TEF;160,25;2,00%;9,00;09/02/2026;148,05
21/02/2026;Filial 1;Mastercard;Crédito;Online;862,93;2,00%;10,13;28/01/2026;835,54
14/02/2026;Filial 1;PIX;PIX;POS;775,11;0,30%;3,10;05/02/2026;769,68
01/02/2026;Filial 1;Mastercard;Crédito;Online;721,34;2,00%;3,48;30/01/2026;703,43
09/02/2026;Filial 1;Visa;Débito;TEF;23,51;0,75%;3,99;16/01/2026;19,34
30/01/2026;Filial 1;Mastercard;PIX;POS;36,50;0,30%;5,15;26/02/2026;31,24
06/02/2026;Filial 1;Mastercard;Voucher;TEF;377,38;7,00%;1,03;17/02/2026;349,93
24/02/2026;Filial 1;Amex;Débito;POS;133,59;0,75%;9,18;03/03/2026;123,41
22/02/2026;Matriz;Visa;Débito;TEF;381,71;0,75%;10,29;02/02/2026;368,56
21/02/2026;Filial 1;Visa;PIX;TEF;748,40;0,30%;2,87;23/01/2026;743,28
26/01/2026;Filial 1;Elo;Crédito;POS;926,30;2,00%;8,18;09/02/2026;899,59
09/01/2026;Filial 1;Elo;PIX;POS;118,64;0,30%;11,77;01/02/2026;106,51
07/01/2026;Matriz;Mastercard;PIX;Online;333,62;0,30%;15,12;03/01/2026;317,50
30/01/2026;Matriz;Visa;PIX;TEF;871,81;0,30%;3,34;02/03/2026;865,85
12/01/2026;Filial 1;Amex;Débito;Online;568,63;0,75%;4,25;04/02/2026;560,12
15/01/2026;Filial 1;Visa;PIX;POS;131,60;0,30%;10,07;16/01/2026;121,14
23/02/2026;Filial 1;Amex;PIX;Online;841,49;0,30%;5,65;02/03/2026;833,32
04/01/2026;Matriz;Amex;Débito;POS;461,38;0,75%;5,09;07/02/2026;452,83
05/01/2026;Matriz;Visa;PIX;Online;783,13;0,30%;1,78;30/01/2026;779,00
15/01/2026;Matriz;Elo;Débito;Online;36,13;0,75%;8,48;05/02/2026;27,38
22/02/2026;Filial 1;Amex;PIX;POS;265,68;0,30%;22,40;24/01/2026;242,48
17/01/2026;Matriz;Visa;Débito;TEF;657,62;0,75%;13,60;09/02/2026;639,09
24/01/2026;Filial 1;Visa;Voucher;POS;185,56;7,00%;7,23;07/02/2026;165,34
03/02/2026;Matriz;Elo;PIX;TEF;429,45;0,30%;7,32;07/01/2026;420,84
31/01/2026;Matriz;PIX;Crédito;Online;298,33;2,00%;12,63;10/02/2026;279,73
04/01/2026;Filial 1;Elo;Débito;TEF;392,21;0,75%;10,24;16/02/2026;379,03
03/01/2026;Filial 1;PIX;Voucher;Online;359,68;7,00%;7,74;06/01/2026;326,76
14/02/2026;Filial 1;Elo;Voucher;TEF;948,91;7,00%;8,89;17/02/2026;873,60
27/02/2026;Filial 1;Amex;Débito;Online;261,28;0,75%;5,40;23/02/2026;253,92
09/02/2026;Filial 1;Mastercard;Crédito;Online;940,12;2,00%;3,56;08/01/2026;917,76
22/01/2026;Filial 1;Amex;Débito;TEF;88,33;0,75%;7,44;23/02/2026;80,23
28/02/2026;Filial 1;Amex;Voucher;Online;246,65;7,00%;19,83;26/01/2026;209,55
11/01/2026;Matriz;Amex;Crédito;Online;857,85;2,00%;9,63;04/01/2026;831,06
03/01/2026;Filial 1;Mastercard;Voucher;Online;138,47;7,00%;0,42;04/03/2026;128,36
14/01/2026;Matriz;Amex;Crédito;Online;623,66;2,00%;5,06;17/01/2026;606,13
30/01/2026;Matriz;Visa;Voucher;Online;117,53;7,00%;9,58;13/02/2026;99,72
14/01/2026;Matriz;Elo;Débito;POS;999,17;0,75%;8,39;10/01/2026;983,29
21/01/2026;Filial 1;PIX;Débito;Online;992,26;0,75%;6,78;14/01/2026;978,04
24/01/2026;Filial 1;Mastercard;Débito;POS;901,55;0,75%;8,52;14/02/2026;886,27
28/01/2026;Filial 1;PIX;Voucher;Online;553,73;7,00%;1,71;08/02/2026;513,26
09/02/2026;Matriz;Elo;Voucher;TEF;776,15;7,00%;12,70;23/01/2026;709,12
23/01/2026;Matriz;PIX;PIX;Online;161,68;0,30%;5,97;22/01/2026;155,22
07/02/2026;Filial 1;Elo;PIX;POS;136,00;0,30%;2,96;27/01/2026;132,63
22/01/2026;Matriz;Visa;PIX;Online;688,67;0,30%;12,66;13/02/2026;673,94
21/01/2026;Filial 1;Visa;Crédito;TEF;224,96;2,00%;7,19;09/01/2026;213,27
20/02/2026;Matriz;Mastercard;Crédito;POS;56,33;2,00%;13,57;02/03/2026;41,63
13/01/2026;Filial 1;Mastercard;Voucher;Online;491,08;7,00%;2,46;08/01/2026;454,24
01/02/2026;Matriz;Visa;Voucher;Online;611,86;7,00%;9,92;01/02/2026;559,11
09/02/2026;Filial 1;Amex;Débito;TEF;299,46;0,75%;14,82;18/02/2026;282,39
19/02/2026;Matriz;PIX;Voucher;POS;16,90;7,00%;11,40;19/01/2026;4,32
01/02/2026;Matriz;Visa;Débito;TEF;653,65;0,75%;17,87;01/02/2026;630,88
13/01/2026;Matriz;Elo;Voucher;TEF;185,87;7,00%;10,93;14/02/2026;161,93
26/02/2026;Filial 1;Elo;Débito;TEF;116,89;0,75%;6,95;01/01/2026;109,06
28/02/2026;Matriz;Amex;Crédito;TEF;976,28;2,00%;14,73;25/02/2026;942,02
08/01/2026;Filial 1;Elo;Débito;Online;38,54;0,75%;2,33;01/03/2026;35,92
21/02/2026;Matriz;Elo;PIX;POS;406,52;0,30%;10,77;12/02/2026;394,53
06/02/2026;Filial 1;Amex;Voucher;Online;504,12;7,00%;7,10;06/01/2026;461,73
03/02/2026;Filial 1;Elo;Voucher;POS;127,86;7,00%;5,86;22/01/2026;113,05
09/02/2026;Filial 1;Mastercard;Débito;TEF;978,56;0,75%;1,64;20/01/2026;969,58
26/02/2026;Matriz;Visa;Crédito;TEF;817,43;2,00%;1,14;02/03/2026;799,94
21/02/2026;Matriz;Mastercard;Voucher;Online;820,30;7,00%;1,75;09/02/2026;761,13
21/02/2026;Filial 1;Visa;Débito;POS;40,72;0,75%;6,62;08/01/2026;33,79
10/01/2026;Filial 1;Amex;Débito;TEF;595,34;0,75%;17,20;16/02/2026;573,67
07/02/2026;Filial 1;Elo;Voucher;TEF;540,64;7,00%;22,34;08/01/2026;480,46
17/01/2026;Matriz;Amex;PIX;Online;98,23;0,30%;11,22;09/02/2026;86,72
04/02/2026;Filial 1;Amex;PIX;TEF;467,79;0,30%;5,40;20/02/2026;460,99
08/01/2026;Filial 1;Mastercard;PIX;POS;164,39;0,30%;5,08;01/01/2026;158,82
27/01/2026;Filial 1;Visa;Crédito;Online;125,65;2,00%;5,12;19/02/2026;118,02
13/01/2026;Filial 1;Visa;Débito;POS;581,29;0,75%;0,73;05/01/2026;576,20
07/02/2026;Matriz;Elo;PIX;TEF;575,85;0,30%;1,66;20/01/2026;572,46
26/01/2026;Filial 1;Visa;PIX;POS;956,32;0,30%;20,25;09/02/2026;933,20
03/02/2026;Filial 1;Elo;Débito;TEF;310,48;0,75%;12,31;15/01/2026;295,84
21/01/2026;Filial 1;Mastercard;Crédito;TEF;344,32;2,00%;6,62;30/01/2026;330,81
18/02/2026;Matriz;Mastercard;Voucher;Online;643,22;7,00%;5,97;23/02/2026;592,22
24/02/2026;Matriz;Amex;Crédito;TEF;748,95;2,00%;2,15;25/01/2026;731,82
29/01/2026;Matriz;Mastercard;Débito;POS;939,53;0,75%;2,93;10/01/2026;929,55
24/02/2026;Matriz;PIX;Crédito;POS;387,53;2,00%;19,40;28/02/2026;360,38
11/02/2026;Filial 1;Amex;Voucher;TEF;954,05;7,00%;10,07;16/02/2026;877,20
27/01/2026;Filial 1;Visa;Débito;TEF;20,14;0,75%;1,99;24/02/2026;18,00
23/01/2026;Matriz;PIX;Crédito;Online;874,94;2,00%;3,53;20/01/2026;853,91
23/01/2026;Filial 1;Visa;Voucher;Online;789,49;7,00%;3,61;05/01/2026;730,62
11/02/2026;Filial 1;Mastercard;Crédito;Online;186,09;2,00%;5,52;24/02/2026;176,85
21/01/2026;Filial 1;PIX;Voucher;TEF;948,61;7,00%;9,23;03/02/2026;872,98
23/01/2026;Filial 1;Mastercard;Crédito;TEF;640,14;2,00%;11,78;04/03/2026;615,56
01/01/2026;Matriz;PIX;Voucher;TEF;381,29;7,00%;10,32;16/02/2026;344,28
07/01/2026;Filial 1;Mastercard;Crédito;Online;992,47;2,00%;5,83;09/02/2026;966,79
26/02/2026;Filial 1;Elo;PIX;Online;121,15;0,30%;11,59;03/01/2026;109,20
22/02/2026;Matriz;Mastercard;PIX;TEF;876,34;0,30%;10,53;17/01/2026;863,18
21/02/2026;Filial 1;Mastercard;PIX;Online;417,14;0,30%;8,75;06/02/2026;407,14
08/02/2026;Filial 1;PIX;Voucher;POS;86,46;7,00%;18,26;24/01/2026;62,15
12/02/2026;Filial 1;Visa;PIX;POS;638,08;0,30%;1,24;21/01/2026;634,93
25/02/2026;Filial 1;Visa;PIX;TEF;185,82;0,30%;7,63;07/01/2026;177,63
21/01/2026;Filial 1;Visa;Crédito;POS;307,75;2,00%;2,13;27/02/2026;299,47
02/01/2026;Filial 1;Visa;Voucher;POS;672,51;7,00%;22,71;21/01/2026;602,72
12/02/2026;Matriz;Amex;Crédito;TEF;144,76;2,00%;3,80;22/01/2026;138,06
22/02/2026;Matriz;Elo;Voucher;Online;828,49;7,00%;3,73;28/02/2026;766,77
05/01/2026;Filial 1;PIX;Crédito;TEF;272,00;2,00%;6,51;07/01/2026;260,05
03/02/2026;Matriz;Mastercard;Débito;TEF;906,01;0,75%;7,43;04/01/2026;891,78
09/01/2026;Filial 1;Elo;Débito;Online;646,57;0,75%;10,98;27/02/2026;630,74
10/02/2026;Matriz;Amex;Voucher;TEF;331,43;7,00%;3,27;11/02/2026;304,96
08/01/2026;Filial 1;PIX;Débito;TEF;668,98;0,75%;8,23;01/03/2026;655,73
18/02/2026;Matriz;PIX;Crédito;TEF;999,14;2,00%;11,86;19/02/2026;967,30
13/01/2026;Filial 1;Visa;Débito;Online;156,40;0,75%;10,19;01/01/2026;145,04
10/02/2026;Matriz;Amex;Débito;Online;165,13;0,75%;3,08;05/02/2026;160,81
28/02/2026;Filial 1;Elo;Débito;POS;887,37;0,75%;3,75;23/01/2026;876,96
05/02/2026;Filial 1;Elo;Débito;Online;979,80;0,75%;20,15;22/02/2026;952,30
09/01/2026;Matriz;Visa;PIX;TEF;888,67;0,30%;9,38;09/02/2026;876,62
07/02/2026;Matriz;PIX;Voucher;Online;243,53;7,00%;7,75;05/03/2026;218,73
26/02/2026;Filial 1;Visa;Débito;POS;511,18;0,75%;15,20;01/02/2026;492,15
10/01/2026;Filial 1;Elo;PIX;Online;236,38;0,30%;8,83;28/01/2026;226,84
02/01/2026;Matriz;Mastercard;Crédito;TEF;911,06;2,00%;9,05;15/01/2026;883,79
20/02/2026;Matriz;Mastercard;Voucher;TEF;789,39;7,00%;10,55;10/01/2026;723,58
10/02/2026;Filial 1;Mastercard;Débito;Online;961,39;0,75%;3,31;23/02/2026;950,87
25/02/2026;Filial 1;PIX;Voucher;TEF;441,35;7,00%;5,78;05/03/2026;404,68
01/02/2026;Matriz;PIX;Débito;Online;126,20;0,75%;8,77;09/02/2026;116,48
05/01/2026;Filial 1;Elo;Débito;POS;101,20;0,75%;9,55;14/02/2026;90,89
02/02/2026;Matriz;Visa;PIX;Online;890,90;0,30%;8,92;04/03/2026;879,31
22/02/2026;Filial 1;PIX;Débito;Online;782,69;0,75%;11,30;10/02/2026;765,52
20/02/2026;Matriz;PIX;Débito;TEF;668,08;0,75%;7,55;24/02/2026;655,52
07/02/2026;Filial 1;Mastercard;Voucher;TEF;522,43;7,00%;1,04;07/02/2026;484,82
14/02/2026;Filial 1;PIX;Crédito;Online;16,21;2,00%;1,94;18/02/2026;13,95
10/02/2026;Matriz;Mastercard;Crédito;Online;223,63;2,00%;1,44;20/02/2026;217,72
22/02/2026;Matriz;Amex;PIX;Online;404,22;0,30%;8,14;05/03/2026;394,87
13/01/2026;Filial 1;Mastercard;Crédito;TEF;609,04;2,00%;7,96;04/03/2026;588,90
17/01/2026;Filial 1;PIX;Débito;TEF;542,70;0,75%;0,68;07/02/2026;537,95
23/02/2026;Filial 1;PIX;Débito;TEF;617,43;0,75%;11,42;13/01/2026;601,38
17/02/2026;Filial 1;Amex;PIX;TEF;893,71;0,30%;10,85;16/02/2026;880,18
04/01/2026;Filial 1;Mastercard;Voucher;TEF;687,04;7,00%;2,52;05/03/2026;636,43
09/02/2026;Matriz;PIX;Débito;POS;101,95;0,75%;5,38;04/02/2026;95,81
09/02/2026;Matriz;Visa;Débito;POS;285,85;0,75%;11,87;20/02/2026;271,84
15/01/2026;Matriz;PIX;Débito;Online;642,30;0,75%;2,83;17/02/2026;634,65
18/01/2026;Matriz;Elo;Voucher;TEF;517,00;7,00%;0,33;21/02/2026;480,48
27/02/2026;Matriz;Mastercard;Voucher;TEF;218,99;7,00%;1,59;28/02/2026;202,07
06/01/2026;Matriz;Mastercard;PIX;POS;917,46;0,30%;18,45;02/02/2026;896,26
14/02/2026;Matriz;Mastercard;Crédito;POS;10,79;2,00%;2,34;08/02/2026;8,23
31/01/2026;Matriz;Visa;PIX;POS;829,21;0,30%;1,63;15/02/2026;825,09
22/01/2026;Matriz;Elo;PIX;POS;864,18;0,30%;6,30;06/01/2026;855,29
25/02/2026;Matriz;PIX;Crédito;TEF;573,78;2,00%;0,81;16/01/2026;561,49
09/01/2026;Filial 1;PIX;Voucher;Online;739,62;7,00%;23,17;29/01/2026;664,68
02/01/2026;Filial 1;Mastercard;PIX;TEF;418,92;0,30%;16,69;31/01/2026;400,97
04/01/2026;Filial 1;PIX;Voucher;Online;739,52;7,00%;14,34;05/02/2026;673,41
02/01/2026;Matriz;Visa;Crédito;Online;309,90;2,00%;7,71;02/02/2026;295,99
10/01/2026;Filial 1;Visa;PIX;TEF;143,13;0,30%;6,21;22/02/2026;136,49
10/02/2026;Filial 1;Amex;PIX;TEF;358,40;0,30%;15,30;16/02/2026;342,02
25/02/2026;Matriz;PIX;Crédito;POS;361,89;2,00%;5,14;14/02/2026;349,51
20/01/2026;Filial 1;Amex;Crédito;POS;548,47;2,00%;1,41;14/01/2026;536,09
08/01/2026;Filial 1;Elo;PIX;TEF;179,65;0,30%;11,46;12/01/2026;167,65
07/01/2026;Filial 1;Elo;Voucher;Online;559,10;7,00%;2,69;20/01/2026;517,27
06/02/2026;Matriz;Elo;Débito;TEF;826,21;0,75%;1,00;31/01/2026;819,01
08/01/2026;Filial 1;Visa;Débito;Online;925,03;0,75%;10,52;19/01/2026;907,57
02/01/2026;Filial 1;PIX;Crédito;POS;569,01;2,00%;3,96;28/01/2026;553,67
18/02/2026;Matriz;Amex;Crédito;TEF;404,73;2,00%;7,98;31/01/2026;388,66
01/01/2026;Matriz;Visa;Crédito;POS;409,85;2,00%;4,60;05/03/2026;397,05
22/01/2026;Filial 1;Elo;Crédito;TEF;296,07;2,00%;10,19;25/02/2026;279,96
01/01/2026;Matriz;Amex;Crédito;POS;118,16;2,00%;2,41;04/01/2026;113,39
12/01/2026;Filial 1;Elo;PIX;POS;423,93;0,30%;2,42;01/03/2026;420,24
27/02/2026;Matriz;Elo;Crédito;POS;55,94;2,00%;1,96;22/02/2026;52,86
28/01/2026;Matriz;Mastercard;Voucher;Online;180,40;7,00%;5,21;19/01/2026;162,56
17/01/2026;Filial 1;Amex;PIX;POS;356,27;0,30%;8,74;09/01/2026;346,46
13/02/2026;Matriz;Elo;Crédito;Online;428,62;2,00%;9,13;21/01/2026;410,92
29/01/2026;Matriz;PIX;Voucher;POS;616,93;7,00%;8,04;25/01/2026;565,70
09/01/2026;Filial 1;Amex;Crédito;POS;538,61;2,00%;3,50;04/02/2026;524,34
25/02/2026;Matriz;Amex;Crédito;POS;365,27;2,00%;3,61;01/02/2026;354,35
19/02/2026;Filial 1;Amex;Voucher;TEF;222,96;7,00%;2,88;11/01/2026;204,47
10/01/2026;Matriz;Elo;Crédito;POS;631,77;2,00%;11,36;16/02/2026;607,77
20/01/2026;Matriz;Visa;Crédito;Online;885,27;2,00%;1,70;13/01/2026;865,86
21/02/2026;Filial 1;PIX;Débito;POS;228,54;0,75%;4,75;25/01/2026;222,08
18/01/2026;Matriz;PIX;Débito;POS;206,17;0,75%;4,95;24/01/2026;199,67
26/02/2026;Matriz;Visa;PIX;POS;189,62;0,30%;21,42;20/02/2026;167,63
14/01/2026;Filial 1;Elo;PIX;TEF;103,44;0,30%;5,03;01/02/2026;98,10
23/02/2026;Filial 1;Elo;Voucher;POS;740,19;7,00%;1,05;09/01/2026;687,33
25/02/2026;Filial 1;Mastercard;Débito;TEF;651,21;0,75%;11,06;02/02/2026;635,27
04/01/2026;Matriz;Amex;Débito;Online;930,35;0,75%;10,44;02/01/2026;912,93
13/01/2026;Filial 1;Amex;Voucher;TEF;231,30;7,00%;20,27;11/01/2026;194,84
02/01/2026;Filial 1;Elo;Débito;Online;890,02;0,75%;1,19;13/02/2026;882,15
27/02/2026;Matriz;PIX;Voucher;TEF;240,91;7,00%;4,41;04/03/2026;219,64
18/01/2026;Matriz;PIX;PIX;TEF;87,29;0,30%;6,37;19/02/2026;80,66
10/02/2026;Matriz;Visa;PIX;Online;546,32;0,30%;1,18;07/01/2026;543,50
26/02/2026;Filial 1;Elo;Débito;POS;684,62;0,75%;11,11;26/02/2026;668,38
26/02/2026;Filial 1;Mastercard;PIX;POS;542,34;0,30%;1,10;13/02/2026;539,61
10/01/2026;Filial 1;Elo;Débito;Online;761,01;0,75%;0,96;07/01/2026;754,34
22/02/2026;Matriz;Elo;Voucher;TEF;653,57;7,00%;0,74;24/02/2026;607,08
06/02/2026;Filial 1;Visa;PIX;TEF;233,27;0,30%;20,13;02/02/2026;212,44
19/02/2026;Matriz;Amex;Voucher;Online;830,07;7,00%;7,09;05/02/2026;764,88
03/02/2026;Matriz;Elo;Débito;Online;343,23;0,75%;7,38;23/01/2026;333,28
08/02/2026;Matriz;Mastercard;Crédito;POS;150,56;2,00%;9,79;19/01/2026;137,76
12/02/2026;Filial 1;Mastercard;PIX;POS;178,16;0,30%;3,20;31/01/2026;174,43
16/02/2026;Filial 1;Amex;Voucher;TEF;189,43;7,00%;4,66;03/03/2026;171,51
26/01/2026;Filial 1;Amex;Débito;TEF;899,24;0,75%;8,24;17/01/2026;884,26
26/02/2026;Matriz;Amex;Crédito;Online;653,02;2,00%;2,72;23/01/2026;637,24
10/02/2026;Filial 1;Visa;Voucher;TEF;22,56;7,00%;10,26;22/02/2026;10,72
11/01/2026;Matriz;Visa;PIX;TEF;260,92;0,30%;15,59;24/01/2026;244,55
22/02/2026;Filial 1;Elo;Crédito;TEF;483,16;2,00%;7,26;01/03/2026;466,24
02/01/2026;Matriz;PIX;Crédito;TEF;362,51;2,00%;9,56;22/01/2026;345,70
13/02/2026;Matriz;Elo;Débito;TEF;296,87;0,75%;15,75;23/02/2026;278,89
10/01/2026;Filial 1;PIX;Débito;POS;537,86;0,75%;2,41;04/01/2026;531,42
25/01/2026;Matriz;PIX;Crédito;Online;494,97;2,00%;2,95;15/01/2026;482,12
01/02/2026;Matriz;Amex;PIX;Online;149,25;0,30%;19,68;16/01/2026;129,12
23/01/2026;Matriz;Mastercard;Voucher;TEF;222,23;7,00%;8,20;27/02/2026;198,47
22/01/2026;Matriz;Mastercard;Débito;TEF;780,68;0,75%;2,20;10/01/2026;772,62
05/02/2026;Matriz;Mastercard;Débito;Online;330,28;0,75%;8,82;21/01/2026;318,98
30/01/2026;Matriz;Mastercard;PIX;TEF;450,76;0,30%;9,47;09/01/2026;439,94
13/02/2026;Matriz;Elo;Débito;POS;23,31;0,75%;11,60;19/02/2026;11,54
23/02/2026;Filial 1;Mastercard;Voucher;POS;582,16;7,00%;11,38;06/02/2026;530,03
14/02/2026;Filial 1;Amex;PIX;POS;163,54;0,30%;6,18;27/02/2026;156,87
22/01/2026;Filial 1;Visa;Débito;POS;729,90;0,75%;1,92;01/01/2026;722,51
27/02/2026;Filial 1;Amex;Voucher;Online;967,41;7,00%;6,79;28/02/2026;892,90
26/02/2026;Matriz;Elo;Voucher;Online;540,22;7,00%;2,48;18/01/2026;499,92
20/02/2026;Matriz;Amex;Voucher;POS;713,46;7,00%;2,02;14/02/2026;661,50
07/02/2026;Filial 1;PIX;Voucher;POS;974,04;7,00%;10,65;25/02/2026;895,21
19/02/2026;Matriz;Elo;Débito;Online;24,17;0,75%;11,94;28/02/2026;12,05
26/01/2026;Matriz;Elo;PIX;TEF;496,28;0,30%;5,66;24/02/2026;489,13
16/02/2026;Filial 1;Amex;Voucher;Online;994,60;7,00%;1,91;09/01/2026;923,07
01/02/2026;Filial 1;Mastercard;PIX;TEF;220,27;0,30%;5,79;25/02/2026;213,82
18/02/2026;Matriz;Elo;Débito;Online;741,89;0,75%;5,46;03/02/2026;730,87
26/02/2026;Matriz;PIX;Crédito;TEF;450,10;2,00%;9,38;25/01/2026;431,72
01/02/2026;Matriz;Mastercard;Débito;TEF;872,63;0,75%;5,97;03/03/2026;860,12
18/02/2026;Filial 1;Mastercard;Voucher;TEF;260,58;7,00%;14,08;05/02/2026;228,26
23/01/2026;Matriz;Elo;PIX;POS;598,83;0,30%;1,98;03/01/2026;595,05
18/01/2026;Filial 1;PIX;Crédito;POS;454,22;2,00%;6,98;18/01/2026;438,16
18/02/2026;Matriz;PIX;PIX;TEF;851,94;0,30%;11,45;03/02/2026;837,93
12/01/2026;Matriz;PIX;Voucher;Online;54,83;7,00%;7,74;07/02/2026;43,25
04/01/2026;Filial 1;PIX;Crédito;TEF;365,19;2,00%;18,42;27/01/2026;339,47
11/02/2026;Filial 1;Elo;Voucher;TEF;684,35;7,00%;17,21;21/02/2026;619,24
08/01/2026;Filial 1;Mastercard;Débito;POS;493,08;0,75%;12,93;02/03/2026;476,45
05/02/2026;Matriz;Elo;Débito;POS;28,77;0,75%;2,43;21/02/2026;26,12
16/02/2026;Matriz;PIX;PIX;POS;59,93;0,30%;3,73;07/01/2026;56,02
09/02/2026;Matriz;Amex;PIX;POS;195,29;0,30%;21,69;25/01/2026;173,01
09/01/2026;Filial 1;Amex;Crédito;TEF;474,51;2,00%;0,73;16/01/2026;464,29
26/01/2026;Matriz;Elo;Débito;TEF;619,00;0,75%;10,43;19/02/2026;603,93
17/02/2026;Filial 1;Mastercard;Voucher;POS;858,76;7,00%;10,46;18/02/2026;788,19
01/01/2026;Filial 1;Elo;Débito;TEF;425,30;0,75%;11,69;22/01/2026;410,42
03/01/2026;Filial 1;Visa;PIX;TEF;687,65;0,30%;3,42;18/01/2026;682,17
13/01/2026;Matriz;Mastercard;Crédito;TEF;886,72;2,00%;14,21;02/03/2026;854,78
16/02/2026;Matriz;PIX;Débito;Online;54,47;0,75%;1,50;31/01/2026;52,56
12/01/2026;Filial 1;Visa;Crédito;POS;676,17;2,00%;7,35;17/02/2026;655,30
05/01/2026;Filial 1;Visa;PIX;TEF;456,46;0,30%;5,53;26/01/2026;449,56
21/02/2026;Filial 1;PIX;Débito;POS;567,66;0,75%;7,78;28/02/2026;555,62
27/02/2026;Matriz;PIX;Débito;TEF;338,31;0,75%;6,30;04/02/2026;329,47
07/03/2026;Matriz;Mastercard;Crédito;Online;528,62;2,00%;4,57;11/04/2026;513,48
26/03/2026;Filial 1;Visa;PIX;Online;416,37;0,30%;9,54;24/04/2026;405,58
07/03/2026;Filial 1;Mastercard;Débito;POS;547,46;0,75%;14,64;25/04/2026;528,71
27/03/2026;Matriz;PIX;PIX;Online;364,53;0,30%;24,84;29/04/2026;338,60
13/03/2026;Filial 1;Amex;Débito;POS;387,62;0,75%;14,42;10/04/2026;370,29
27/03/2026;Matriz;Amex;Débito;POS;484,56;0,75%;10,16;07/04/2026;470,77
26/03/2026;Matriz;PIX;Crédito;TEF;877,33;2,00%;21,30;22/04/2026;838,48
04/03/2026;Filial 1;Amex;PIX;POS;118,87;0,30%;17,09;25/04/2026;101,42
26/03/2026;Filial 1;Elo;Crédito;POS;319,15;2,00%;6,64;18/04/2026;306,13
05/03/2026;Matriz;Amex;Voucher;TEF;517,64;7,00%;18,81;08/04/2026;462,60
27/03/2026;Filial 1;Mastercard;PIX;Online;251,85;0,30%;24,67;03/04/2026;226,42
10/03/2026;Filial 1;Visa;Voucher;TEF;310,87;7,00%;16,12;29/04/2026;272,99
04/03/2026;Filial 1;Visa;PIX;TEF;792,53;0,30%;15,07;19/04/2026;775,08
02/03/2026;Matriz;Mastercard;Voucher;Online;287,65;7,00%;1,18;28/04/2026;266,33
13/03/2026;Matriz;PIX;PIX;POS;424,98;0,30%;1,90;08/04/2026;421,81
05/03/2026;Matriz;Elo;PIX;Online;129,94;0,30%;12,11;02/04/2026;117,44
23/03/2026;Matriz;Amex;Voucher;TEF;726,88;7,00%;18,20;23/04/2026;657,80
24/03/2026;Matriz;Elo;PIX;POS;682,21;0,30%;5,84;29/04/2026;674,32
23/03/2026;Matriz;Amex;PIX;POS;948,42;0,30%;24,57;23/04/2026;921,00
05/03/2026;Filial 1;Amex;PIX;POS;121,73;0,30%;16,71;04/04/2026;104,65
06/03/2026;Matriz;Mastercard;PIX;TEF;68,71;0,30%;11,47;30/04/2026;57,03
25/03/2026;Matriz;PIX;PIX;TEF;915,50;0,30%;1,45;29/04/2026;911,30
04/03/2026;Filial 1;Elo;Voucher;POS;22,99;7,00%;2,33;15/04/2026;19,05
26/03/2026;Filial 1;Elo;Voucher;POS;979,97;7,00%;0,32;17/04/2026;911,05
23/03/2026;Filial 1;PIX;Débito;Online;434,15;0,75%;10,33;11/04/2026;420,56
27/03/2026;Filial 1;Mastercard;Voucher;Online;247,75;7,00%;16,57;14/04/2026;213,84
26/03/2026;Matriz;Visa;Voucher;TEF;315,92;7,00%;18,37;01/04/2026;275,44
27/03/2026;Matriz;PIX;Crédito;TEF;42,59;2,00%;9,30;28/04/2026;32,44
16/03/2026;Filial 1;Amex;Voucher;TEF;602,38;7,00%;1,16;02/04/2026;559,05
13/03/2026;Matriz;Mastercard;Crédito;POS;318,97;2,00%;6,76;12/04/2026;305,83
17/03/2026;Filial 1;Mastercard;PIX;POS;318,88;0,30%;14,35;07/04/2026;303,57
27/03/2026;Filial 1;Visa;Crédito;POS;36,32;2,00%;3,46;19/04/2026;32,13
03/03/2026;Filial 1;PIX;PIX;TEF;724,06;0,30%;13,87;12/04/2026;708,02
05/03/2026;Filial 1;PIX;Voucher;Online;490,06;7,00%;5,75;10/04/2026;450,01
24/03/2026;Matriz;PIX;PIX;Online;579,62;0,30%;14,16;15/04/2026;563,72
22/03/2026;Matriz;Visa;PIX;POS;312,07;0,30%;11,32;07/04/2026;299,81
15/03/2026;Matriz;Amex;Débito;Online;646,14;0,75%;20,64;30/04/2026;620,65
29/03/2026;Filial 1;PIX;Voucher;POS;612,26;7,00%;22,83;21/04/2026;546,57
12/03/2026;Filial 1;Elo;PIX;POS;927,17;0,30%;6,82;20/04/2026;917,57
18/03/2026;Filial 1;Amex;Débito;POS;460,39;0,75%;5,85;19/04/2026;451,09
15/03/2026;Matriz;Amex;PIX;Online;771,94;0,30%;22,11;13/04/2026;747,51
08/03/2026;Filial 1;Elo;Crédito;POS;152,89;2,00%;5,65;21/04/2026;144,18
10/03/2026;Matriz;Elo;Débito;Online;698,36;0,75%;15,19;07/04/2026;677,93
17/03/2026;Filial 1;Elo;Voucher;Online;904,05;7,00%;10,53;19/04/2026;830,24
28/03/2026;Matriz;Elo;Voucher;Online;262,72;7,00%;13,11;11/04/2026;231,22
02/03/2026;Matriz;Visa;PIX;TEF;673,38;0,30%;18,49;16/04/2026;652,87
22/03/2026;Matriz;Mastercard;PIX;TEF;360,55;0,30%;8,43;25/04/2026;351,04
24/03/2026;Matriz;Mastercard;PIX;Online;162,27;0,30%;1,22;15/04/2026;160,56
24/03/2026;Matriz;PIX;PIX;Online;504,94;0,30%;1,66;18/04/2026;501,77
13/03/2026;Filial 1;Mastercard;Voucher;Online;92,68;7,00%;17,03;10/04/2026;69,16
16/03/2026;Matriz;Visa;PIX;TEF;203,54;0,30%;22,36;28/04/2026;180,57
04/03/2026;Matriz;Mastercard;Crédito;POS;608,52;2,00%;1,03;06/04/2026;595,32
02/03/2026;Filial 1;Visa;Voucher;TEF;234,13;7,00%;10,80;19/04/2026;206,94
24/03/2026;Filial 1;PIX;Voucher;TEF;86,91;7,00%;7,69;29/04/2026;73,14
27/03/2026;Filial 1;Visa;Crédito;TEF;930,34;2,00%;8,07;24/04/2026;903,66
16/03/2026;Filial 1;PIX;PIX;Online;141,51;0,30%;21,16;22/04/2026;119,93
26/03/2026;Filial 1;Elo;Voucher;POS;634,68;7,00%;24,40;05/04/2026;565,85
05/03/2026;Matriz;Elo;Crédito;Online;703,31;2,00%;10,01;06/04/2026;679,23
13/03/2026;Matriz;Visa;PIX;POS;334,86;0,30%;10,62;06/04/2026;323,24
11/03/2026;Matriz;Mastercard;PIX;POS;896,16;0,30%;7,37;25/04/2026;886,10
11/03/2026;Matriz;Visa;Débito;POS;371,54;0,75%;19,32;05/04/2026;349,43
04/03/2026;Filial 1;Amex;Débito;POS;74,45;0,75%;22,38;16/04/2026;51,51
15/03/2026;Matriz;Mastercard;Crédito;POS;301,29;2,00%;10,42;16/04/2026;284,84
02/03/2026;Matriz;Amex;Voucher;Online;39,23;7,00%;7,80;09/04/2026;28,68
18/03/2026;Filial 1;Visa;PIX;Online;357,99;0,30%;7,32;12/04/2026;349,60
06/03/2026;Matriz;Elo;PIX;TEF;535,78;0,30%;22,33;02/04/2026;511,84
16/03/2026;Filial 1;Mastercard;Voucher;Online;987,97;7,00%;16,86;06/04/2026;901,95
03/03/2026;Matriz;Visa;PIX;POS;211,57;0,30%;8,99;01/04/2026;201,95
28/03/2026;Matriz;Mastercard;PIX;TEF;690,67;0,30%;16,55;14/04/2026;672,05
18/03/2026;Filial 1;Elo;Débito;TEF;917,33;0,75%;14,15;18/04/2026;896,30
05/03/2026;Matriz;Elo;Voucher;Online;885,80;7,00%;9,18;12/04/2026;814,61
18/03/2026;Filial 1;Elo;Crédito;POS;206,32;2,00%;18,37;05/04/2026;183,82
28/03/2026;Matriz;Visa;Voucher;POS;150,77;7,00%;23,62;16/04/2026;116,60
10/03/2026;Filial 1;Elo;Voucher;POS;567,83;7,00%;17,44;26/04/2026;510,64
02/03/2026;Matriz;Amex;PIX;POS;898,86;0,30%;1,64;29/04/2026;894,52
26/03/2026;Matriz;Elo;Voucher;POS;970,29;7,00%;2,82;03/04/2026;899,55
22/03/2026;Filial 1;Mastercard;Débito;TEF;997,82;0,75%;3,64;18/04/2026;986,70
12/03/2026;Matriz;Mastercard;Débito;TEF;326,88;0,75%;21,97;24/04/2026;302,46
15/03/2026;Filial 1;PIX;PIX;POS;942,32;0,30%;15,53;13/04/2026;923,96
31/03/2026;Matriz;PIX;Crédito;Online;882,89;2,00%;23,81;21/04/2026;841,42
19/03/2026;Matriz;Mastercard;Voucher;TEF;249,86;7,00%;21,70;07/04/2026;210,67
18/03/2026;Filial 1;Visa;Voucher;POS;758,58;7,00%;14,95;28/04/2026;690,53
17/03/2026;Matriz;Mastercard;Débito;Online;570,20;0,75%;22,45;27/04/2026;543,47
01/03/2026;Matriz;Elo;Voucher;TEF;54,49;7,00%;16,26;01/04/2026;34,42
01/03/2026;Matriz;Amex;Voucher;POS;371,42;7,00%;20,49;10/04/2026;324,93
20/03/2026;Matriz;Visa;Voucher;Online;187,18;7,00%;18,50;13/04/2026;155,58
18/03/2026;Matriz;PIX;Voucher;TEF;543,25;7,00%;4,17;02/04/2026;501,05
28/03/2026;Filial 1;Mastercard;Crédito;Online;963,99;2,00%;14,25;17/04/2026;930,46
21/03/2026;Matriz;PIX;PIX;POS;268,09;0,30%;15,25;08/04/2026;252,04
11/03/2026;Filial 1;PIX;PIX;Online;273,11;0,30%;5,99;09/04/2026;266,30
16/03/2026;Matriz;Mastercard;PIX;TEF;514,42;0,30%;5,74;26/04/2026;507,14
08/03/2026;Matriz;Elo;Crédito;TEF;922,32;2,00%;8,14;18/04/2026;895,73
27/03/2026;Filial 1;Elo;Voucher;POS;994,22;7,00%;13,28;26/04/2026;911,34
21/03/2026;Filial 1;Visa;Voucher;POS;385,16;7,00%;22,55;04/04/2026;335,65
25/03/2026;Matriz;PIX;Voucher;Online;137,07;7,00%;14,69;29/04/2026;112,79
04/03/2026;Filial 1;Visa;PIX;Online;806,48;0,30%;23,70;26/04/2026;780,36
09/03/2026;Filial 1;Elo;Crédito;Online;437,34;2,00%;6,46;13/04/2026;422,13
22/03/2026;Filial 1;Mastercard;PIX;Online;881,92;0,30%;15,87;18/04/2026;863,40
15/03/2026;Filial 1;Mastercard;PIX;Online;258,67;0,30%;5,59;18/04/2026;252,30
30/03/2026;Filial 1;Mastercard;Crédito;Online;306,11;2,00%;20,29;04/04/2026;279,70
10/03/2026;Filial 1;PIX;PIX;Online;991,03;0,30%;16,68;28/04/2026;971,38
16/03/2026;Filial 1;Visa;Crédito;POS;23,33;2,00%;15,12;24/04/2026;7,74
09/03/2026;Matriz;Mastercard;PIX;TEF;119,84;0,30%;20,42;24/04/2026;99,06
22/03/2026;Filial 1;Visa;PIX;Online;662,09;0,30%;11,41;05/04/2026;648,69
30/03/2026;Filial 1;Amex;Crédito;Online;24,72;2,00%;5,13;29/04/2026;19,10
26/03/2026;Matriz;Mastercard;Crédito;POS;170,52;2,00%;1,63;24/04/2026;165,48
31/03/2026;Matriz;Visa;Crédito;Online;586,64;2,00%;11,10;21/04/2026;563,81
06/03/2026;Matriz;Amex;PIX;POS;484,11;0,30%;16,89;26/04/2026;465,77
13/03/2026;Filial 1;Mastercard;Débito;POS;527,10;0,75%;12,89;17/04/2026;510,26
02/03/2026;Filial 1;Elo;Débito;POS;569,79;0,75%;21,60;03/04/2026;543,92
14/03/2026;Filial 1;Mastercard;Débito;POS;921,03;0,75%;2,61;23/04/2026;911,51
18/03/2026;Filial 1;Amex;PIX;TEF;181,76;0,30%;12,60;12/04/2026;168,61
30/03/2026;Filial 1;PIX;Crédito;Online;346,84;2,00%;6,03;01/05/2026;333,87
15/03/2026;Matriz;Visa;Crédito;POS;793,79;2,00%;22,00;06/04/2026;755,91
27/03/2026;Matriz;Visa;PIX;Online;602,15;0,30%;15,31;23/04/2026;585,03
23/03/2026;Filial 1;Mastercard;PIX;Online;101,08;0,30%;24,57;13/04/2026;76,21
01/03/2026;Filial 1;Amex;Voucher;POS;872,02;7,00%;5,44;13/04/2026;805,54
16/03/2026;Matriz;PIX;Voucher;POS;550,84;7,00%;22,51;25/04/2026;489,77
11/03/2026;Filial 1;PIX;Débito;POS;138,68;0,75%;17,26;17/04/2026;120,38
07/03/2026;Filial 1;PIX;Voucher;Online;476,14;7,00%;20,80;07/04/2026;422,01
11/03/2026;Filial 1;Amex;Voucher;POS;997,16;7,00%;12,06;20/04/2026;915,30
22/03/2026;Matriz;Elo;Crédito;TEF;630,46;2,00%;17,10;26/04/2026;600,75
21/03/2026;Matriz;Mastercard;Débito;POS;999,64;0,75%;8,05;07/04/2026;984,09
12/03/2026;Filial 1;Amex;Crédito;Online;662,53;2,00%;10,22;06/04/2026;639,06
16/03/2026;Filial 1;Mastercard;Crédito;TEF;884,22;2,00%;19,95;22/04/2026;846,59
30/03/2026;Matriz;Visa;Crédito;TEF;100,99;2,00%;5,47;20/04/2026;93,50
04/03/2026;Filial 1;Visa;Crédito;TEF;88,96;2,00%;17,04;03/04/2026;70,14
19/03/2026;Filial 1;Elo;Crédito;POS;317,34;2,00%;14,48;11/04/2026;296,51
16/03/2026;Matriz;Elo;Crédito;Online;671,40;2,00%;15,76;29/04/2026;642,21
18/03/2026;Matriz;Amex;Débito;TEF;962,44;0,75%;10,69;30/04/2026;944,53
12/03/2026;Filial 1;Visa;Débito;TEF;176,42;0,75%;5,20;17/04/2026;169,90
15/03/2026;Filial 1;Mastercard;Débito;POS;487,64;0,75%;9,55;01/04/2026;474,43
01/03/2026;Matriz;Amex;Débito;TEF;321,11;0,75%;19,36;14/04/2026;299,34
22/03/2026;Filial 1;Visa;Débito;Online;25,41;0,75%;20,64;17/04/2026;4,58
05/03/2026;Matriz;PIX;PIX;Online;524,92;0,30%;15,99;05/04/2026;507,36
25/03/2026;Filial 1;Visa;PIX;POS;836,83;0,30%;15,46;19/04/2026;818,86
14/03/2026;Filial 1;Elo;Débito;POS;116,08;0,75%;1,55;18/04/2026;113,66
31/03/2026;Filial 1;Amex;Crédito;POS;504,18;2,00%;22,07;11/04/2026;472,03
01/03/2026;Filial 1;Elo;Crédito;Online;511,88;2,00%;1,84;24/04/2026;499,80
21/03/2026;Filial 1;Amex;Crédito;POS;375,98;2,00%;18,44;07/04/2026;350,02
30/03/2026;Filial 1;Amex;PIX;Online;569,76;0,30%;21,40;18/04/2026;546,65
17/03/2026;Filial 1;Elo;Voucher;POS;819,89;7,00%;2,39;01/05/2026;760,11
11/03/2026;Matriz;Mastercard;Crédito;POS;779,76;2,00%;9,32;06/04/2026;754,84
21/03/2026;Matriz;PIX;Crédito;TEF;404,61;2,00%;16,46;15/04/2026;380,06
10/03/2026;Matriz;PIX;Crédito;POS;765,13;2,00%;6,36;16/04/2026;743,47
23/03/2026;Matriz;Elo;Crédito;POS;526,94;2,00%;0,53;18/04/2026;515,87
24/03/2026;Matriz;Elo;PIX;TEF;558,40;0,30%;11,88;13/04/2026;544,84
05/03/2026;Filial 1;PIX;Crédito;POS;692,86;2,00%;9,85;12/04/2026;669,15
23/03/2026;Filial 1;PIX;PIX;Online;323,13;0,30%;5,44;09/04/2026;316,72
27/03/2026;Filial 1;Amex;Crédito;TEF;163,27;2,00%;19,52;14/04/2026;140,48
01/04/2026;Matriz;PIX;Débito;Online;863,99;0,75%;2,88;04/04/2026;854,63
01/04/2026;Filial 1;Visa;Crédito;POS;399,89;2,00%;10,89;16/04/2026;381,00
01/04/2026;Matriz;Elo;PIX;TEF;727,15;0,30%;8,13;08/04/2026;716,84
01/04/2026;Filial 1;Amex;Voucher;Online;160,53;7,00%;11,25;05/04/2026;138,04
01/04/2026;Matriz;Mastercard;Débito;POS;411,32;0,75%;2,53;02/04/2026;405,71
02/04/2026;Matriz;PIX;Débito;Online;591,66;0,75%;5,11;08/04/2026;582,11
02/04/2026;Filial 1;Visa;Crédito;POS;927,70;2,00%;17,05;16/04/2026;892,10
02/04/2026;Matriz;Elo;PIX;TEF;470,97;0,30%;6,57;01/05/2026;462,99
02/04/2026;Filial 1;Amex;Voucher;Online;415,27;7,00%;5,71;14/04/2026;380,49
02/04/2026;Matriz;Mastercard;Débito;POS;154,25;0,75%;15,33;13/04/2026;137,76
03/04/2026;Matriz;PIX;Débito;Online;934,58;0,75%;5,05;01/05/2026;922,52
03/04/2026;Filial 1;Visa;Crédito;POS;583,91;2,00%;2,23;23/04/2026;570,00
03/04/2026;Matriz;Elo;PIX;TEF;304,53;0,30%;3,64;22/04/2026;299,98
03/04/2026;Filial 1;Amex;Voucher;Online;844,08;7,00%;2,85;21/04/2026;782,14
03/04/2026;Matriz;Mastercard;Débito;POS;702,96;0,75%;7,67;15/04/2026;690,02
04/04/2026;Matriz;PIX;Débito;Online;245,61;0,75%;11,06;07/04/2026;232,71
04/04/2026;Filial 1;Visa;Crédito;POS;157,53;2,00%;2,13;27/04/2026;152,25
04/04/2026;Matriz;Elo;PIX;TEF;561,05;0,30%;11,32;16/04/2026;548,05
04/04/2026;Filial 1;Amex;Voucher;Online;261,15;7,00%;2,43;26/04/2026;240,44
04/04/2026;Matriz;Mastercard;Débito;POS;819,41;0,75%;8,68;18/04/2026;804,58
05/04/2026;Matriz;PIX;Débito;Online;11,11;0,75%;8,16;02/05/2026;2,87
05/04/2026;Filial 1;Visa;Crédito;POS;702,29;2,00%;0,41;21/04/2026;687,83
05/04/2026;Matriz;Elo;PIX;TEF;770,40;0,30%;3,40;29/04/2026;764,69
05/04/2026;Filial 1;Amex;Voucher;Online;657,87;7,00%;3,63;16/04/2026;608,19
05/04/2026;Matriz;Mastercard;Débito;POS;942,84;0,75%;11,81;12/04/2026;923,96
06/04/2026;Matriz;PIX;Débito;Online;409,11;0,75%;1,51;02/05/2026;404,53
06/04/2026;Filial 1;Visa;Crédito;POS;169,19;2,00%;17,37;18/04/2026;148,44
06/04/2026;Matriz;Elo;PIX;TEF;506,79;0,30%;2,76;12/04/2026;502,51
06/04/2026;Filial 1;Amex;Voucher;Online;893,97;7,00%;6,02;01/05/2026;825,37
06/04/2026;Matriz;Mastercard;Débito;POS;80,70;0,75%;0,82;26/04/2026;79,27
07/04/2026;Matriz;PIX;Débito;Online;290,16;0,75%;8,97;27/04/2026;279,01
07/04/2026;Filial 1;Visa;Crédito;POS;541,17;2,00%;2,28;02/05/2026;528,07
07/04/2026;Matriz;Elo;PIX;TEF;263,18;0,30%;13,76;25/04/2026;248,63
07/04/2026;Filial 1;Amex;Voucher;Online;544,37;7,00%;3,91;06/05/2026;502,35
07/04/2026;Matriz;Mastercard;Débito;POS;592,08;0,75%;3,22;09/04/2026;584,42
08/04/2026;Matriz;PIX;Débito;Online;654,99;0,75%;9,07;16/04/2026;641,01
08/04/2026;Filial 1;Visa;Crédito;POS;254,80;2,00%;0,59;05/05/2026;249,11
08/04/2026;Matriz;Elo;PIX;TEF;356,95;0,30%;2,16;15/04/2026;353,72
08/04/2026;Filial 1;Amex;Voucher;Online;849,28;7,00%;5,61;11/04/2026;784,22
08/04/2026;Matriz;Mastercard;Débito;POS;201,59;0,75%;2,91;13/04/2026;197,17
09/04/2026;Matriz;PIX;Débito;Online;699,11;0,75%;10,41;22/04/2026;683,46
09/04/2026;Filial 1;Visa;Crédito;POS;484,54;2,00%;11,78;13/04/2026;463,07
09/04/2026;Matriz;Elo;PIX;TEF;16,63;0,30%;4,62;23/04/2026;11,96
09/04/2026;Filial 1;Amex;Voucher;Online;818,85;7,00%;10,41;14/04/2026;751,12
09/04/2026;Matriz;Mastercard;Débito;POS;416,69;0,75%;20,93;10/04/2026;392,63
10/04/2026;Matriz;PIX;Débito;Online;297,59;0,75%;10,44;20/04/2026;284,92
10/04/2026;Filial 1;Visa;Crédito;POS;628,31;2,00%;11,40;17/04/2026;604,34
10/04/2026;Matriz;Elo;PIX;TEF;733,93;0,30%;10,22;22/04/2026;721,51
10/04/2026;Filial 1;Amex;Voucher;Online;883,09;7,00%;5,08;13/04/2026;816,19
10/04/2026;Matriz;Mastercard;Débito;POS;526,86;0,75%;5,22;26/04/2026;517,69
11/04/2026;Matriz;PIX;Débito;Online;574,72;0,75%;6,71;22/04/2026;563,70
11/04/2026;Filial 1;Visa;Crédito;POS;325,38;2,00%;5,33;18/04/2026;313,54
11/04/2026;Matriz;Elo;PIX;TEF;95,03;0,30%;8,20;24/04/2026;86,54
11/04/2026;Filial 1;Amex;Voucher;Online;731,16;7,00%;12,24;19/04/2026;667,74
11/04/2026;Matriz;Mastercard;Débito;POS;683,32;0,75%;3,93;05/05/2026;674,27
12/04/2026;Matriz;PIX;Débito;Online;896,42;0,75%;6,12;15/04/2026;883,58
12/04/2026;Filial 1;Visa;Crédito;POS;514,58;2,00%;9,95;17/04/2026;494,34
12/04/2026;Matriz;Elo;PIX;TEF;821,86;0,30%;3,15;25/04/2026;816,24
12/04/2026;Filial 1;Amex;Voucher;Online;985,41;7,00%;2,36;16/04/2026;914,07
12/04/2026;Matriz;Mastercard;Débito;POS;282,17;0,75%;5,64;04/04/2026;274,41
13/04/2026;Matriz;PIX;Débito;Online;212,88;0,75%;7,47;09/04/2026;203,81
13/04/2026;Filial 1;Visa;Crédito;POS;160,25;2,00%;9,00;09/04/2026;148,05
13/04/2026;Matriz;Elo;PIX;TEF;862,93;0,30%;10,13;28/04/2026;850,21
13/04/2026;Filial 1;Amex;Voucher;Online;775,11;7,00%;3,10;05/04/2026;717,75
13/04/2026;Matriz;Mastercard;Débito;POS;721,34;0,75%;3,48;30/04/2026;712,45
14/04/2026;Matriz;PIX;Débito;Online;23,51;0,75%;3,99;16/04/2026;19,34
14/04/2026;Filial 1;Visa;Crédito;POS;36,50;2,00%;5,15;26/04/2026;30,62
14/04/2026;Matriz;Elo;PIX;TEF;377,38;0,30%;1,03;17/04/2026;375,22
14/04/2026;Filial 1;Amex;Voucher;Online;133,59;7,00%;9,18;03/05/2026;115,06
14/04/2026;Matriz;Mastercard;Débito;POS;381,71;0,75%;10,29;02/04/2026;368,56
15/04/2026;Matriz;PIX;Débito;Online;748,40;0,75%;2,87;23/04/2026;739,92
15/04/2026;Filial 1;Visa;Crédito;POS;926,30;2,00%;8,18;09/04/2026;899,59
15/04/2026;Matriz;Elo;PIX;TEF;118,64;0,30%;11,77;01/05/2026;106,51
15/04/2026;Filial 1;Amex;Voucher;Online;333,62;7,00%;15,12;03/04/2026;295,15
15/04/2026;Matriz;Mastercard;Débito;POS;871,81;0,75%;3,34;02/05/2026;861,93
16/04/2026;Matriz;PIX;Débito;Online;568,63;0,75%;4,25;04/05/2026;560,12
16/04/2026;Filial 1;Visa;Crédito;POS;131,60;2,00%;10,07;16/04/2026;118,90
16/04/2026;Matriz;Elo;PIX;TEF;841,49;0,30%;5,65;02/05/2026;833,32
16/04/2026;Filial 1;Amex;Voucher;Online;461,38;7,00%;5,09;07/05/2026;423,99
16/04/2026;Matriz;Mastercard;Débito;POS;783,13;0,75%;1,78;30/04/2026;775,48
17/04/2026;Matriz;PIX;Débito;Online;36,13;0,75%;8,48;05/05/2026;27,38
17/04/2026;Filial 1;Visa;Crédito;POS;265,68;2,00%;22,40;24/04/2026;237,97
17/04/2026;Matriz;Elo;PIX;TEF;657,62;0,30%;13,60;09/05/2026;642,05
17/04/2026;Filial 1;Amex;Voucher;Online;185,56;7,00%;7,23;07/05/2026;165,34
17/04/2026;Matriz;Mastercard;Débito;POS;429,45;0,75%;7,32;07/04/2026;418,91
18/04/2026;Matriz;PIX;Débito;Online;298,33;0,75%;12,63;10/05/2026;283,46
18/04/2026;Filial 1;Visa;Crédito;POS;392,21;2,00%;10,24;16/05/2026;374,13
18/04/2026;Matriz;Elo;PIX;TEF;359,68;0,30%;7,74;06/04/2026;350,86
18/04/2026;Filial 1;Amex;Voucher;Online;948,91;7,00%;8,89;17/05/2026;873,60
18/04/2026;Matriz;Mastercard;Débito;POS;261,28;0,75%;5,40;23/04/2026;253,92
19/04/2026;Matriz;PIX;Débito;Online;940,12;0,75%;3,56;08/04/2026;929,51
19/04/2026;Filial 1;Visa;Crédito;POS;88,33;2,00%;7,44;23/04/2026;79,12
19/04/2026;Matriz;Elo;PIX;TEF;246,65;0,30%;19,83;26/04/2026;226,08
19/04/2026;Filial 1;Amex;Voucher;Online;857,85;7,00%;9,63;04/04/2026;788,17
19/04/2026;Matriz;Mastercard;Débito;POS;138,47;0,75%;0,42;04/05/2026;137,01
20/04/2026;Matriz;PIX;Débito;Online;623,66;0,75%;5,06;17/04/2026;613,92
20/04/2026;Filial 1;Visa;Crédito;POS;117,53;2,00%;9,58;13/05/2026;105,60
20/04/2026;Matriz;Elo;PIX;TEF;999,17;0,30%;8,39;10/04/2026;987,78
20/04/2026;Filial 1;Amex;Voucher;Online;992,26;7,00%;6,78;14/04/2026;916,02
20/04/2026;Matriz;Mastercard;Débito;POS;901,55;0,75%;8,52;14/05/2026;886,27
21/04/2026;Matriz;PIX;Débito;Online;553,73;0,75%;1,71;08/05/2026;547,87
21/04/2026;Filial 1;Visa;Crédito;POS;776,15;2,00%;12,70;23/04/2026;747,93
21/04/2026;Matriz;Elo;PIX;TEF;161,68;0,30%;5,97;22/04/2026;155,22
21/04/2026;Filial 1;Amex;Voucher;Online;136,00;7,00%;2,96;27/04/2026;123,52
21/04/2026;Matriz;Mastercard;Débito;POS;688,67;0,75%;12,66;13/05/2026;670,84
22/04/2026;Matriz;PIX;Débito;Online;224,96;0,75%;7,19;09/04/2026;216,08
22/04/2026;Filial 1;Visa;Crédito;POS;56,33;2,00%;13,57;02/05/2026;41,63
22/04/2026;Matriz;Elo;PIX;TEF;491,08;0,30%;2,46;08/04/2026;487,15
22/04/2026;Filial 1;Amex;Voucher;Online;611,86;7,00%;9,92;01/05/2026;559,11
22/04/2026;Matriz;Mastercard;Débito;POS;299,46;0,75%;14,82;18/05/2026;282,39
23/04/2026;Matriz;PIX;Débito;Online;16,90;0,75%;11,40;19/04/2026;5,37
23/04/2026;Filial 1;Visa;Crédito;POS;653,65;2,00%;17,87;01/05/2026;622,71
23/04/2026;Matriz;Elo;PIX;TEF;185,87;0,30%;10,93;14/05/2026;174,38
23/04/2026;Filial 1;Amex;Voucher;Online;116,89;7,00%;6,95;01/04/2026;101,76
23/04/2026;Matriz;Mastercard;Débito;POS;976,28;0,75%;14,73;25/05/2026;954,23
24/04/2026;Matriz;PIX;Débito;Online;38,54;0,75%;2,33;01/05/2026;35,92
24/04/2026;Filial 1;Visa;Crédito;POS;406,52;2,00%;10,77;12/05/2026;387,62
24/04/2026;Matriz;Elo;PIX;TEF;504,12;0,30%;7,10;06/04/2026;495,51
24/04/2026;Filial 1;Amex;Voucher;Online;127,86;7,00%;5,86;22/04/2026;113,05
24/04/2026;Matriz;Mastercard;Débito;POS;978,56;0,75%;1,64;20/04/2026;969,58
25/04/2026;Matriz;PIX;Débito;Online;817,43;0,75%;1,14;02/05/2026;810,16
25/04/2026;Filial 1;Visa;Crédito;POS;820,30;2,00%;1,75;09/05/2026;802,14
25/04/2026;Matriz;Elo;PIX;TEF;40,72;0,30%;6,62;08/04/2026;33,98
25/04/2026;Filial 1;Amex;Voucher;Online;595,34;7,00%;17,20;16/05/2026;536,47
25/04/2026;Matriz;Mastercard;Débito;POS;540,64;0,75%;22,34;08/04/2026;514,25
26/04/2026;Matriz;PIX;Débito;Online;98,23;0,75%;11,22;09/05/2026;86,27
26/04/2026;Filial 1;Visa;Crédito;POS;467,79;2,00%;5,40;20/05/2026;453,03
26/04/2026;Matriz;Elo;PIX;TEF;164,39;0,30%;5,08;01/04/2026;158,82
26/04/2026;Filial 1;Amex;Voucher;Online;125,65;7,00%;5,12;19/05/2026;111,73
26/04/2026;Matriz;Mastercard;Débito;POS;581,29;0,75%;0,73;05/04/2026;576,20
27/04/2026;Matriz;PIX;Débito;Online;575,85;0,75%;1,66;20/04/2026;569,87
27/04/2026;Filial 1;Visa;Crédito;POS;956,32;2,00%;20,25;09/05/2026;916,94
27/04/2026;Matriz;Elo;PIX;TEF;310,48;0,30%;12,31;15/04/2026;297,24
27/04/2026;Filial 1;Amex;Voucher;Online;344,32;7,00%;6,62;30/04/2026;313,60
27/04/2026;Matriz;Mastercard;Débito;POS;643,22;0,75%;5,97;23/05/2026;632,43
28/04/2026;Matriz;PIX;Débito;Online;748,95;0,75%;2,15;25/04/2026;741,18
28/04/2026;Filial 1;Visa;Crédito;POS;939,53;2,00%;2,93;10/04/2026;917,81
28/04/2026;Matriz;Elo;PIX;TEF;387,53;0,30%;19,40;28/05/2026;366,97
28/04/2026;Filial 1;Amex;Voucher;Online;954,05;7,00%;10,07;16/05/2026;877,20
28/04/2026;Matriz;Mastercard;Débito;POS;20,14;0,75%;1,99;24/05/2026;18,00
29/04/2026;Matriz;PIX;Débito;Online;874,94;0,75%;3,53;20/04/2026;864,85
29/04/2026;Filial 1;Visa;Crédito;POS;789,49;2,00%;3,61;05/04/2026;770,09
29/04/2026;Matriz;Elo;PIX;TEF;186,09;0,30%;5,52;24/05/2026;180,01
29/04/2026;Filial 1;Amex;Voucher;Online;948,61;7,00%;9,23;03/05/2026;872,98
29/04/2026;Matriz;Mastercard;Débito;POS;640,14;0,75%;11,78;04/05/2026;623,56
30/04/2026;Matriz;PIX;Débito;Online;381,29;0,75%;10,32;16/05/2026;368,11
30/04/2026;Filial 1;Visa;Crédito;POS;992,47;2,00%;5,83;09/05/2026;966,79
30/04/2026;Matriz;Elo;PIX;TEF;121,15;0,30%;11,59;03/04/2026;109,20
30/04/2026;Filial 1;Amex;Voucher;Online;876,34;7,00%;10,53;17/04/2026;804,47
30/04/2026;Matriz;Mastercard;Débito;POS;417,14;0,75%;8,75;06/05/2026;405,26
01/05/2026;Matriz;PIX;Débito;Online;428,88;0,75%;2,00;16/05/2026;423,66
01/05/2026;Filial 1;Visa;Crédito;POS;401,46;2,00%;5,00;16/05/2026;388,43
01/05/2026;Matriz;Elo;PIX;TEF;444,94;0,30%;3,00;16/05/2026;440,61
01/05/2026;Filial 1;Amex;Voucher;Online;438,91;7,00%;8,00;16/05/2026;400,19
01/05/2026;Matriz;Mastercard;Débito;POS;392,66;0,75%;5,00;16/05/2026;384,72
02/05/2026;Matriz;PIX;Débito;Online;387,50;0,75%;2,00;17/05/2026;382,59
02/05/2026;Filial 1;Visa;Crédito;POS;403,66;2,00%;5,00;17/05/2026;390,59
02/05/2026;Matriz;Elo;PIX;TEF;448,96;0,30%;3,00;17/05/2026;444,61
02/05/2026;Filial 1;Amex;Voucher;Online;418,19;7,00%;8,00;17/05/2026;380,92
02/05/2026;Matriz;Mastercard;Débito;POS;428,73;0,75%;5,00;17/05/2026;420,51
03/05/2026;Matriz;PIX;Débito;Online;367,75;0,75%;2,00;18/05/2026;362,99
03/05/2026;Filial 1;Visa;Crédito;POS;365,01;2,00%;5,00;18/05/2026;352,71
03/05/2026;Matriz;Elo;PIX;TEF;424,75;0,30%;3,00;18/05/2026;420,48
03/05/2026;Filial 1;Amex;Voucher;Online;454,72;7,00%;8,00;18/05/2026;414,89
03/05/2026;Matriz;Mastercard;Débito;POS;456,93;0,75%;5,00;18/05/2026;448,50
04/05/2026;Matriz;PIX;Débito;Online;382,15;0,75%;2,00;19/05/2026;377,28
04/05/2026;Filial 1;Visa;Crédito;POS;422,16;2,00%;5,00;19/05/2026;408,72
04/05/2026;Matriz;Elo;PIX;TEF;404,32;0,30%;3,00;19/05/2026;400,11
04/05/2026;Filial 1;Amex;Voucher;Online;393,70;7,00%;8,00;19/05/2026;358,14
04/05/2026;Matriz;Mastercard;Débito;POS;408,09;0,75%;5,00;19/05/2026;400,03
05/05/2026;Matriz;PIX;Débito;Online;396,53;0,75%;2,00;20/05/2026;391,56
05/05/2026;Filial 1;Visa;Crédito;POS;412,43;2,00%;5,00;20/05/2026;399,18
05/05/2026;Matriz;Elo;PIX;TEF;439,39;0,30%;3,00;20/05/2026;435,07
05/05/2026;Filial 1;Amex;Voucher;Online;371,43;7,00%;8,00;20/05/2026;337,43
05/05/2026;Matriz;Mastercard;Débito;POS;355,61;0,75%;5,00;20/05/2026;347,94
06/05/2026;Matriz;PIX;Débito;Online;371,62;0,75%;2,00;21/05/2026;366,83
06/05/2026;Filial 1;Visa;Crédito;POS;381,65;2,00%;5,00;21/05/2026;369,02
06/05/2026;Matriz;Elo;PIX;TEF;352,20;0,30%;3,00;21/05/2026;348,14
06/05/2026;Filial 1;Amex;Voucher;Online;437,72;7,00%;8,00;21/05/2026;399,08
06/05/2026;Matriz;Mastercard;Débito;POS;448,94;0,75%;5,00;21/05/2026;440,57
07/05/2026;Matriz;PIX;Débito;Online;448,67;0,75%;2,00;22/05/2026;443,30
07/05/2026;Filial 1;Visa;Crédito;POS;415,91;2,00%;5,00;22/05/2026;402,59
07/05/2026;Matriz;Elo;PIX;TEF;398,99;0,30%;3,00;22/05/2026;394,79
07/05/2026;Filial 1;Amex;Voucher;Online;382,94;7,00%;8,00;22/05/2026;348,13
07/05/2026;Matriz;Mastercard;Débito;POS;396,89;0,75%;5,00;22/05/2026;388,91
08/05/2026;Matriz;PIX;Débito;Online;418,03;0,75%;2,00;23/05/2026;412,89
08/05/2026;Filial 1;Visa;Crédito;POS;425,01;2,00%;5,00;23/05/2026;411,51
08/05/2026;Matriz;Elo;PIX;TEF;380,75;0,30%;3,00;23/05/2026;376,61
08/05/2026;Filial 1;Amex;Voucher;Online;437,87;7,00%;8,00;23/05/2026;399,22
08/05/2026;Matriz;Mastercard;Débito;POS;435,33;0,75%;5,00;23/05/2026;427,07
09/05/2026;Matriz;PIX;Débito;Online;395,41;0,75%;2,00;24/05/2026;390,44
09/05/2026;Filial 1;Visa;Crédito;POS;376,59;2,00%;5,00;24/05/2026;364,06
09/05/2026;Matriz;Elo;PIX;TEF;433,65;0,30%;3,00;24/05/2026;429,35
09/05/2026;Filial 1;Amex;Voucher;Online;453,32;7,00%;8,00;24/05/2026;413,59
09/05/2026;Matriz;Mastercard;Débito;POS;393,48;0,75%;5,00;24/05/2026;385,53
10/05/2026;Matriz;PIX;Débito;Online;404,58;0,75%;2,00;25/05/2026;399,55
10/05/2026;Filial 1;Visa;Crédito;POS;390,40;2,00%;5,00;25/05/2026;377,59
10/05/2026;Matriz;Elo;PIX;TEF;425,29;0,30%;3,00;25/05/2026;421,01
10/05/2026;Filial 1;Amex;Voucher;Online;386,96;7,00%;8,00;25/05/2026;351,87
10/05/2026;Matriz;Mastercard;Débito;POS;437,51;0,75%;5,00;25/05/2026;429,23
11/05/2026;Matriz;PIX;Débito;Online;415,89;0,75%;2,00;26/05/2026;410,77
11/05/2026;Filial 1;Visa;Crédito;POS;458,29;2,00%;5,00;26/05/2026;444,12
11/05/2026;Matriz;Elo;PIX;TEF;421,80;0,30%;3,00;26/05/2026;417,53
11/05/2026;Filial 1;Amex;Voucher;Online;411,19;7,00%;8,00;26/05/2026;374,41
11/05/2026;Matriz;Mastercard;Débito;POS;458,66;0,75%;5,00;26/05/2026;450,22
12/05/2026;Matriz;PIX;Débito;Online;404,26;0,75%;2,00;27/05/2026;399,23
12/05/2026;Filial 1;Visa;Crédito;POS;396,36;2,00%;5,00;27/05/2026;383,43
12/05/2026;Matriz;Elo;PIX;TEF;389,95;0,30%;3,00;27/05/2026;385,78
12/05/2026;Filial 1;Amex;Voucher;Online;404,28;7,00%;8,00;27/05/2026;367,98
12/05/2026;Matriz;Mastercard;Débito;POS;411,54;0,75%;5,00;27/05/2026;403,45
13/05/2026;Matriz;PIX;Débito;Online;421,35;0,75%;2,00;28/05/2026;416,19
13/05/2026;Filial 1;Visa;Crédito;POS;453,51;2,00%;5,00;28/05/2026;439,44
13/05/2026;Matriz;Elo;PIX;TEF;458,38;0,30%;3,00;28/05/2026;454,00
13/05/2026;Filial 1;Amex;Voucher;Online;441,54;7,00%;8,00;28/05/2026;402,63
13/05/2026;Matriz;Mastercard;Débito;POS;448,02;0,75%;5,00;28/05/2026;439,66
14/05/2026;Matriz;PIX;Débito;Online;448,42;0,75%;2,00;29/05/2026;443,06
14/05/2026;Filial 1;Visa;Crédito;POS;415,39;2,00%;5,00;29/05/2026;402,08
14/05/2026;Matriz;Elo;PIX;TEF;359,23;0,30%;3,00;29/05/2026;355,15
14/05/2026;Filial 1;Amex;Voucher;Online;397,05;7,00%;8,00;29/05/2026;361,26
14/05/2026;Matriz;Mastercard;Débito;POS;368,70;0,75%;5,00;29/05/2026;360,93
15/05/2026;Matriz;PIX;Débito;Online;448,38;0,75%;2,00;30/05/2026;443,02
15/05/2026;Filial 1;Visa;Crédito;POS;422,80;2,00%;5,00;30/05/2026;409,34
15/05/2026;Matriz;Elo;PIX;TEF;419,78;0,30%;3,00;30/05/2026;415,52
15/05/2026;Filial 1;Amex;Voucher;Online;390,24;7,00%;8,00;30/05/2026;354,92
15/05/2026;Matriz;Mastercard;Débito;POS;386,20;0,75%;5,00;30/05/2026;378,30
16/05/2026;Matriz;PIX;Débito;Online;438,08;0,75%;2,00;31/05/2026;432,79
16/05/2026;Filial 1;Visa;Crédito;POS;454,78;2,00%;5,00;31/05/2026;440,68
16/05/2026;Matriz;Elo;PIX;TEF;431,60;0,30%;3,00;31/05/2026;427,31
16/05/2026;Filial 1;Amex;Voucher;Online;412,58;7,00%;8,00;31/05/2026;375,70
16/05/2026;Matriz;Mastercard;Débito;POS;447,51;0,75%;5,00;31/05/2026;439,15
17/05/2026;Matriz;PIX;Débito;Online;444,29;0,75%;2,00;01/06/2026;438,96
17/05/2026;Filial 1;Visa;Crédito;POS;351,00;2,00%;5,00;01/06/2026;338,98
17/05/2026;Matriz;Elo;PIX;TEF;404,70;0,30%;3,00;01/06/2026;400,49
17/05/2026;Filial 1;Amex;Voucher;Online;420,08;7,00%;8,00;01/06/2026;382,67
17/05/2026;Matriz;Mastercard;Débito;POS;408,18;0,75%;5,00;01/06/2026;400,12
18/05/2026;Matriz;PIX;Débito;Online;434,17;0,75%;2,00;02/06/2026;428,91
18/05/2026;Filial 1;Visa;Crédito;POS;388,72;2,00%;5,00;02/06/2026;375,95
18/05/2026;Matriz;Elo;PIX;TEF;359,81;0,30%;3,00;02/06/2026;355,73
18/05/2026;Filial 1;Amex;Voucher;Online;406,24;7,00%;8,00;02/06/2026;369,80
18/05/2026;Matriz;Mastercard;Débito;POS;431,24;0,75%;5,00;02/06/2026;423,01
19/05/2026;Matriz;PIX;Débito;Online;364,83;0,75%;2,00;03/06/2026;360,09
19/05/2026;Filial 1;Visa;Crédito;POS;374,31;2,00%;5,00;03/06/2026;361,82
19/05/2026;Matriz;Elo;PIX;TEF;404,91;0,30%;3,00;03/06/2026;400,70
19/05/2026;Filial 1;Amex;Voucher;Online;443,50;7,00%;8,00;03/06/2026;404,46
19/05/2026;Matriz;Mastercard;Débito;POS;435,96;0,75%;5,00;03/06/2026;427,69
20/05/2026;Matriz;PIX;Débito;Online;352,06;0,75%;2,00;04/06/2026;347,42
20/05/2026;Filial 1;Visa;Crédito;POS;409,48;2,00%;5,00;04/06/2026;396,29
20/05/2026;Matriz;Elo;PIX;TEF;400,52;0,30%;3,00;04/06/2026;396,32
20/05/2026;Filial 1;Amex;Voucher;Online;431,49;7,00%;8,00;04/06/2026;393,29
20/05/2026;Matriz;Mastercard;Débito;POS;438,92;0,75%;5,00;04/06/2026;430,63
21/05/2026;Matriz;PIX;Débito;Online;389,91;0,75%;2,00;05/06/2026;384,99
21/05/2026;Filial 1;Visa;Crédito;POS;357,91;2,00%;5,00;05/06/2026;345,75
21/05/2026;Matriz;Elo;PIX;TEF;410,59;0,30%;3,00;05/06/2026;406,36
21/05/2026;Filial 1;Amex;Voucher;Online;427,70;7,00%;8,00;05/06/2026;389,76
21/05/2026;Matriz;Mastercard;Débito;POS;375,28;0,75%;5,00;05/06/2026;367,47
22/05/2026;Matriz;PIX;Débito;Online;372,54;0,75%;2,00;06/06/2026;367,75
22/05/2026;Filial 1;Visa;Crédito;POS;428,85;2,00%;5,00;06/06/2026;415,27
22/05/2026;Matriz;Elo;PIX;TEF;363,45;0,30%;3,00;06/06/2026;359,36
22/05/2026;Filial 1;Amex;Voucher;Online;430,87;7,00%;8,00;06/06/2026;392,71
22/05/2026;Matriz;Mastercard;Débito;POS;358,70;0,75%;5,00;06/06/2026;351,01
23/05/2026;Matriz;PIX;Débito;Online;427,16;0,75%;2,00;07/06/2026;421,96
23/05/2026;Filial 1;Visa;Crédito;POS;387,67;2,00%;5,00;07/06/2026;374,92
23/05/2026;Matriz;Elo;PIX;TEF;370,62;0,30%;3,00;07/06/2026;366,51
23/05/2026;Filial 1;Amex;Voucher;Online;382,12;7,00%;8,00;07/06/2026;347,37
23/05/2026;Matriz;Mastercard;Débito;POS;362,75;0,75%;5,00;07/06/2026;355,03
24/05/2026;Matriz;PIX;Débito;Online;389,77;0,75%;2,00;08/06/2026;384,85
24/05/2026;Filial 1;Visa;Crédito;POS;438,50;2,00%;5,00;08/06/2026;424,73
24/05/2026;Matriz;Elo;PIX;TEF;422,11;0,30%;3,00;08/06/2026;417,84
24/05/2026;Filial 1;Amex;Voucher;Online;379,22;7,00%;8,00;08/06/2026;344,67
24/05/2026;Matriz;Mastercard;Débito;POS;382,12;0,75%;5,00;08/06/2026;374,25
25/05/2026;Matriz;PIX;Débito;Online;432,99;0,75%;2,00;09/06/2026;427,74
25/05/2026;Filial 1;Visa;Crédito;POS;452,78;2,00%;5,00;09/06/2026;438,72
25/05/2026;Matriz;Elo;PIX;TEF;355,41;0,30%;3,00;09/06/2026;351,34
25/05/2026;Filial 1;Amex;Voucher;Online;446,72;7,00%;8,00;09/06/2026;407,45
25/05/2026;Matriz;Mastercard;Débito;POS;371,66;0,75%;5,00;09/06/2026;363,87
26/05/2026;Matriz;PIX;Débito;Online;384,02;0,75%;2,00;10/06/2026;379,14
26/05/2026;Filial 1;Visa;Crédito;POS;441,87;2,00%;5,00;10/06/2026;428,03
26/05/2026;Matriz;Elo;PIX;TEF;446,31;0,30%;3,00;10/06/2026;441,97
26/05/2026;Filial 1;Amex;Voucher;Online;445,27;7,00%;8,00;10/06/2026;406,10
26/05/2026;Matriz;Mastercard;Débito;POS;350,97;0,75%;5,00;10/06/2026;343,34
27/05/2026;Matriz;PIX;Débito;Online;388,14;0,75%;2,00;11/06/2026;383,23
27/05/2026;Filial 1;Visa;Crédito;POS;381,59;2,00%;5,00;11/06/2026;368,96
27/05/2026;Matriz;Elo;PIX;TEF;395,12;0,30%;3,00;11/06/2026;390,93
27/05/2026;Filial 1;Amex;Voucher;Online;427,04;7,00%;8,00;11/06/2026;389,15
27/05/2026;Matriz;Mastercard;Débito;POS;435,47;0,75%;5,00;11/06/2026;427,20
28/05/2026;Matriz;PIX;Débito;Online;437,74;0,75%;2,00;12/06/2026;432,46
28/05/2026;Filial 1;Visa;Crédito;POS;422,53;2,00%;5,00;12/06/2026;409,08
28/05/2026;Matriz;Elo;PIX;TEF;450,40;0,30%;3,00;12/06/2026;446,05
28/05/2026;Filial 1;Amex;Voucher;Online;385,33;7,00%;8,00;12/06/2026;350,36
28/05/2026;Matriz;Mastercard;Débito;POS;458,94;0,75%;5,00;12/06/2026;450,50
29/05/2026;Matriz;PIX;Débito;Online;374,79;0,75%;2,00;13/06/2026;369,98
29/05/2026;Filial 1;Visa;Crédito;POS;457,37;2,00%;5,00;13/06/2026;443,22
29/05/2026;Matriz;Elo;PIX;TEF;357,66;0,30%;3,00;13/06/2026;353,59
29/05/2026;Filial 1;Amex;Voucher;Online;388,51;7,00%;8,00;13/06/2026;353,31
29/05/2026;Matriz;Mastercard;Débito;POS;389,09;0,75%;5,00;13/06/2026;381,17
30/05/2026;Matriz;PIX;Débito;Online;427,57;0,75%;2,00;14/06/2026;422,36
30/05/2026;Filial 1;Visa;Crédito;POS;430,55;2,00%;5,00;14/06/2026;416,94
30/05/2026;Matriz;Elo;PIX;TEF;394,30;0,30%;3,00;14/06/2026;390,12
30/05/2026;Filial 1;Amex;Voucher;Online;433,44;7,00%;8,00;14/06/2026;395,10
30/05/2026;Matriz;Mastercard;Débito;POS;386,20;0,75%;5,00;14/06/2026;378,30
